date,NAME,CAPITAL,name_cn,地区国家,累计确诊,新增确诊
2020-01-20,CHINA,BEIJING,中国,中国,291,77
2020-01-20,JAPAN,TOKYO,日本,日本,1,0
2020-01-20,"KOREA, REPUBLIC OF",SEOUL,韩国,韩国,1,0
2020-01-20,THAILAND,BANGKOK,泰国,泰国,2,0
2020-01-21,CHINA,BEIJING,中国,中国,440,149
2020-01-21,JAPAN,TOKYO,日本,日本,1,0
2020-01-21,"KOREA, REPUBLIC OF",SEOUL,韩国,韩国,1,0
2020-01-21,THAILAND,BANGKOK,泰国,泰国,2,0
2020-01-22,CHINA,BEIJING,中国,中国,571,131
2020-01-22,JAPAN,TOKYO,日本,日本,1,0
2020-01-22,"KOREA, REPUBLIC OF",SEOUL,韩国,韩国,1,0
2020-01-22,THAILAND,BANGKOK,泰国,泰国,2,0
2020-01-23,CHINA,BEIJING,中国,中国,830,259
2020-01-23,JAPAN,TOKYO,日本,日本,1,0
2020-01-23,"KOREA, REPUBLIC OF",SEOUL,韩国,韩国,1,0
2020-01-23,THAILAND,BANGKOK,泰国,泰国,4,2
2020-01-23,UNITED STATES,WASHINGTON,美国,美国,1,0
2020-01-24,CHINA,BEIJING,中国,中国,1287,444
2020-01-24,JAPAN,TOKYO,日本,日本,1,0
2020-01-24,"KOREA, REPUBLIC OF",SEOUL,韩国,韩国,2,1
2020-01-24,THAILAND,BANGKOK,泰国,泰国,4,0
2020-01-24,UNITED STATES,WASHINGTON,美国,美国,1,0
2020-01-24,VIETNAM,HA NOI,越南,越南,2,2
2020-01-24,Singapore,,新加坡,新加坡,1,1
2020-01-25,AUSTRALIA,CANBERRA,澳大利亚,澳大利亚,3,3
2020-01-25,CHINA,BEIJING,中国,中国,1975,688
2020-01-25,FRANCE,PARIS,法国,法国,3,3
2020-01-25,JAPAN,TOKYO,日本,日本,3,2
2020-01-25,"KOREA, REPUBLIC OF",SEOUL,韩国,韩国,2,0
2020-01-25,NEPAL,KATHMANDU,尼泊尔,尼泊尔,1,1
2020-01-25,THAILAND,BANGKOK,泰国,泰国,4,0
2020-01-25,UNITED STATES,WASHINGTON,美国,美国,2,1
2020-01-25,VIETNAM,HA NOI,越南,越南,2,0
2020-01-25,Singapore,,新加坡,新加坡,3,2
2020-01-26,AUSTRALIA,CANBERRA,澳大利亚,澳大利亚,4,1
2020-01-26,CHINA,BEIJING,中国,中国,2744,769
2020-01-26,FRANCE,PARIS,法国,法国,3,0
2020-01-26,JAPAN,TOKYO,日本,日本,3,0
2020-01-26,"KOREA, REPUBLIC OF",SEOUL,韩国,韩国,2,0
2020-01-26,MALAYSIA,KUALA LUMPUR,马来西亚,马来西亚,3,3
2020-01-26,NEPAL,KATHMANDU,尼泊尔,尼泊尔,1,0
2020-01-26,THAILAND,BANGKOK,泰国,泰国,5,1
2020-01-26,UNITED STATES,WASHINGTON,美国,美国,2,0
2020-01-26,VIETNAM,HA NOI,越南,越南,2,0
2020-01-26,Singapore,,新加坡,新加坡,4,1
2020-01-27,AUSTRALIA,CANBERRA,澳大利亚,澳大利亚,4,0
2020-01-27,CANADA,OTTAWA,加拿大,加拿大,1,1
2020-01-27,CHINA,BEIJING,中国,中国,4533,1769
2020-01-27,FRANCE,PARIS,法国,法国,3,0
2020-01-27,JAPAN,TOKYO,日本,日本,4,1
2020-01-27,"KOREA, REPUBLIC OF",SEOUL,韩国,韩国,4,2
2020-01-27,MALAYSIA,KUALA LUMPUR,马来西亚,马来西亚,4,1
2020-01-27,NEPAL,KATHMANDU,尼泊尔,尼泊尔,1,0
2020-01-27,THAILAND,BANGKOK,泰国,泰国,5,0
2020-01-27,UNITED STATES,WASHINGTON,美国,美国,5,3
2020-01-27,VIETNAM,HA NOI,越南,越南,2,0
2020-01-27,Singapore,,新加坡,新加坡,4,0
2020-01-28,AUSTRALIA,CANBERRA,澳大利亚,澳大利亚,5,1
2020-01-28,CAMBODIA,PHNOM PENH,柬埔寨,柬埔寨,1,1
2020-01-28,CANADA,OTTAWA,加拿大,加拿大,2,1
2020-01-28,CHINA,BEIJING,中国,中国,5597,1462
2020-01-28,FRANCE,PARIS,法国,法国,3,0
2020-01-28,GERMANY,BERLIN,德国,德国,1,1
2020-01-28,JAPAN,TOKYO,日本,日本,6,2
2020-01-28,"KOREA, REPUBLIC OF",SEOUL,韩国,韩国,4,0
2020-01-28,MALAYSIA,KUALA LUMPUR,马来西亚,马来西亚,4,0
2020-01-28,NEPAL,KATHMANDU,尼泊尔,尼泊尔,1,0
2020-01-28,SRI LANKA,COLOMBO,斯里兰卡,斯里兰卡,1,1
2020-01-28,THAILAND,BANGKOK,泰国,泰国,14,9
2020-01-28,UNITED STATES,WASHINGTON,美国,美国,5,0
2020-01-28,VIETNAM,HA NOI,越南,越南,2,0
2020-01-28,Singapore,,新加坡,新加坡,7,3
2020-01-29,AUSTRALIA,CANBERRA,澳大利亚,澳大利亚,7,2
2020-01-29,CAMBODIA,PHNOM PENH,柬埔寨,柬埔寨,1,0
2020-01-29,CANADA,OTTAWA,加拿大,加拿大,3,1
2020-01-29,CHINA,BEIJING,中国,中国,7736,1739
2020-01-29,FRANCE,PARIS,法国,法国,4,1
2020-01-29,GERMANY,BERLIN,德国,德国,4,3
2020-01-29,JAPAN,TOKYO,日本,日本,7,1
2020-01-29,"KOREA, REPUBLIC OF",SEOUL,韩国,韩国,4,0
2020-01-29,MALAYSIA,KUALA LUMPUR,马来西亚,马来西亚,4,0
2020-01-29,NEPAL,KATHMANDU,尼泊尔,尼泊尔,1,0
2020-01-29,SRI LANKA,COLOMBO,斯里兰卡,斯里兰卡,1,0
2020-01-29,THAILAND,BANGKOK,泰国,泰国,14,0
2020-01-29,UNITED ARAB EMIRATES,ABU DHABI,阿联酋,阿联酋,4,4
2020-01-29,UNITED STATES,WASHINGTON,美国,美国,5,0
2020-01-29,VIETNAM,HA NOI,越南,越南,2,0
2020-01-29,Singapore,,新加坡,新加坡,7,0
2020-01-30,AUSTRALIA,CANBERRA,澳大利亚,澳大利亚,7,0
2020-01-30,CAMBODIA,PHNOM PENH,柬埔寨,柬埔寨,1,0
2020-01-30,CANADA,OTTAWA,加拿大,加拿大,3,0
2020-01-30,CHINA,BEIJING,中国,中国,9720,1985
2020-01-30,FINLAND,HELSINKI,芬兰,芬兰,1,1
2020-01-30,FRANCE,PARIS,法国,法国,5,1
2020-01-30,GERMANY,BERLIN,德国,德国,4,0
2020-01-30,INDIA,NEW DELHI,印度,印度,1,1
2020-01-30,JAPAN,TOKYO,日本,日本,11,4
2020-01-30,"KOREA, REPUBLIC OF",SEOUL,韩国,韩国,4,0
2020-01-30,MALAYSIA,KUALA LUMPUR,马来西亚,马来西亚,7,3
2020-01-30,NEPAL,KATHMANDU,尼泊尔,尼泊尔,1,0
2020-01-30,PHILIPPINES,MANILA,菲律宾,菲律宾,1,1
2020-01-30,SRI LANKA,COLOMBO,斯里兰卡,斯里兰卡,1,0
2020-01-30,THAILAND,BANGKOK,泰国,泰国,14,0
2020-01-30,UNITED ARAB EMIRATES,ABU DHABI,阿联酋,阿联酋,4,0
2020-01-30,UNITED STATES,WASHINGTON,美国,美国,5,0
2020-01-30,VIETNAM,HA NOI,越南,越南,2,0
2020-01-30,Singapore,,新加坡,新加坡,10,3
2020-01-31,AUSTRALIA,CANBERRA,澳大利亚,澳大利亚,9,2
2020-01-31,CAMBODIA,PHNOM PENH,柬埔寨,柬埔寨,1,0
2020-01-31,CANADA,OTTAWA,加拿大,加拿大,3,0
2020-01-31,CHINA,BEIJING,中国,中国,11821,2104
2020-01-31,FINLAND,HELSINKI,芬兰,芬兰,1,0
2020-01-31,FRANCE,PARIS,法国,法国,6,1
2020-01-31,GERMANY,BERLIN,德国,德国,5,1
2020-01-31,INDIA,NEW DELHI,印度,印度,1,0
2020-01-31,ITALY,ROME,意大利,意大利,2,2
2020-01-31,JAPAN,TOKYO,日本,日本,14,3
2020-01-31,"KOREA, REPUBLIC OF",SEOUL,韩国,韩国,11,7
2020-01-31,MALAYSIA,KUALA LUMPUR,马来西亚,马来西亚,8,1
2020-01-31,NEPAL,KATHMANDU,尼泊尔,尼泊尔,1,0
2020-01-31,PHILIPPINES,MANILA,菲律宾,菲律宾,1,0
2020-01-31,SRI LANKA,COLOMBO,斯里兰卡,斯里兰卡,1,0
2020-01-31,THAILAND,BANGKOK,泰国,泰国,14,0
2020-01-31,UNITED ARAB EMIRATES,ABU DHABI,阿联酋,阿联酋,4,0
2020-01-31,UNITED STATES,WASHINGTON,美国,美国,6,1
2020-01-31,VIETNAM,HA NOI,越南,越南,5,3
2020-01-31,Singapore,,新加坡,新加坡,13,3
2020-02-01,AUSTRALIA,CANBERRA,澳大利亚,澳大利亚,12,3
2020-02-01,CAMBODIA,PHNOM PENH,柬埔寨,柬埔寨,1,0
2020-02-01,CANADA,OTTAWA,加拿大,加拿大,4,1
2020-02-01,CHINA,BEIJING,中国,中国,14411,2591
2020-02-01,FINLAND,HELSINKI,芬兰,芬兰,1,0
2020-02-01,FRANCE,PARIS,法国,法国,6,0
2020-02-01,GERMANY,BERLIN,德国,德国,7,2
2020-02-01,INDIA,NEW DELHI,印度,印度,1,0
2020-02-01,ITALY,ROME,意大利,意大利,2,0
2020-02-01,JAPAN,TOKYO,日本,日本,17,3
2020-02-01,"KOREA, REPUBLIC OF",SEOUL,韩国,韩国,12,1
2020-02-01,MALAYSIA,KUALA LUMPUR,马来西亚,马来西亚,8,0
2020-02-01,NEPAL,KATHMANDU,尼泊尔,尼泊尔,1,0
2020-02-01,PHILIPPINES,MANILA,菲律宾,菲律宾,1,0
2020-02-01,RUSSIAN FEDERATION,MOSCOW,俄罗斯,俄罗斯,2,2
2020-02-01,SPAIN,MADRID,西班牙,西班牙,1,1
2020-02-01,SRI LANKA,COLOMBO,斯里兰卡,斯里兰卡,1,0
2020-02-01,SWEDEN,STOCKHOLM,瑞典,瑞典,1,1
2020-02-01,THAILAND,BANGKOK,泰国,泰国,19,5
2020-02-01,UNITED ARAB EMIRATES,ABU DHABI,阿联酋,阿联酋,4,0
2020-02-01,UNITED KINGDOM,LONDON,英国,英国,2,2
2020-02-01,UNITED STATES,WASHINGTON,美国,美国,7,1
2020-02-01,VIETNAM,HA NOI,越南,越南,6,1
2020-02-01,Singapore,,新加坡,新加坡,16,3
2020-02-02,AUSTRALIA,CANBERRA,澳大利亚,澳大利亚,12,0
2020-02-02,CAMBODIA,PHNOM PENH,柬埔寨,柬埔寨,1,0
2020-02-02,CANADA,OTTAWA,加拿大,加拿大,4,0
2020-02-02,CHINA,BEIJING,中国,中国,17238,2831
2020-02-02,FINLAND,HELSINKI,芬兰,芬兰,1,0
2020-02-02,FRANCE,PARIS,法国,法国,6,0
2020-02-02,GERMANY,BERLIN,德国,德国,8,1
2020-02-02,INDIA,NEW DELHI,印度,印度,2,1
2020-02-02,ITALY,ROME,意大利,意大利,2,0
2020-02-02,JAPAN,TOKYO,日本,日本,20,3
2020-02-02,"KOREA, REPUBLIC OF",SEOUL,韩国,韩国,15,3
2020-02-02,MALAYSIA,KUALA LUMPUR,马来西亚,马来西亚,8,0
2020-02-02,NEPAL,KATHMANDU,尼泊尔,尼泊尔,1,0
2020-02-02,PHILIPPINES,MANILA,菲律宾,菲律宾,2,1
2020-02-02,RUSSIAN FEDERATION,MOSCOW,俄罗斯,俄罗斯,2,0
2020-02-02,SPAIN,MADRID,西班牙,西班牙,1,0
2020-02-02,SRI LANKA,COLOMBO,斯里兰卡,斯里兰卡,1,0
2020-02-02,SWEDEN,STOCKHOLM,瑞典,瑞典,1,0
2020-02-02,THAILAND,BANGKOK,泰国,泰国,19,0
2020-02-02,UNITED ARAB EMIRATES,ABU DHABI,阿联酋,阿联酋,5,1
2020-02-02,UNITED KINGDOM,LONDON,英国,英国,2,0
2020-02-02,UNITED STATES,WASHINGTON,美国,美国,8,1
2020-02-02,VIETNAM,HA NOI,越南,越南,7,1
2020-02-02,Singapore,,新加坡,新加坡,18,2
2020-02-03,AUSTRALIA,CANBERRA,澳大利亚,澳大利亚,12,0
2020-02-03,CAMBODIA,PHNOM PENH,柬埔寨,柬埔寨,1,0
2020-02-03,CANADA,OTTAWA,加拿大,加拿大,4,0
2020-02-03,CHINA,BEIJING,中国,中国,20471,3235
2020-02-03,FINLAND,HELSINKI,芬兰,芬兰,1,0
2020-02-03,FRANCE,PARIS,法国,法国,6,0
2020-02-03,GERMANY,BERLIN,德国,德国,10,2
2020-02-03,INDIA,NEW DELHI,印度,印度,3,1
2020-02-03,ITALY,ROME,意大利,意大利,2,0
2020-02-03,JAPAN,TOKYO,日本,日本,20,0
2020-02-03,"KOREA, REPUBLIC OF",SEOUL,韩国,韩国,15,0
2020-02-03,MALAYSIA,KUALA LUMPUR,马来西亚,马来西亚,8,0
2020-02-03,NEPAL,KATHMANDU,尼泊尔,尼泊尔,1,0
2020-02-03,PHILIPPINES,MANILA,菲律宾,菲律宾,2,0
2020-02-03,RUSSIAN FEDERATION,MOSCOW,俄罗斯,俄罗斯,2,0
2020-02-03,SPAIN,MADRID,西班牙,西班牙,1,0
2020-02-03,SRI LANKA,COLOMBO,斯里兰卡,斯里兰卡,1,0
2020-02-03,SWEDEN,STOCKHOLM,瑞典,瑞典,1,0
2020-02-03,THAILAND,BANGKOK,泰国,泰国,19,0
2020-02-03,UNITED ARAB EMIRATES,ABU DHABI,阿联酋,阿联酋,5,0
2020-02-03,UNITED KINGDOM,LONDON,英国,英国,2,0
2020-02-03,UNITED STATES,WASHINGTON,美国,美国,11,3
2020-02-03,VIETNAM,HA NOI,越南,越南,8,1
2020-02-03,Singapore,,新加坡,新加坡,18,0
2020-02-04,AUSTRALIA,CANBERRA,澳大利亚,澳大利亚,12,0
2020-02-04,CAMBODIA,PHNOM PENH,柬埔寨,柬埔寨,1,0
2020-02-04,CANADA,OTTAWA,加拿大,加拿大,4,0
2020-02-04,CHINA,BEIJING,中国,中国,24363,3893
2020-02-04,FINLAND,HELSINKI,芬兰,芬兰,1,0
2020-02-04,FRANCE,PARIS,法国,法国,6,0
2020-02-04,GERMANY,BERLIN,德国,德国,12,2
2020-02-04,INDIA,NEW DELHI,印度,印度,3,0
2020-02-04,ITALY,ROME,意大利,意大利,2,0
2020-02-04,JAPAN,TOKYO,日本,日本,20,0
2020-02-04,"KOREA, REPUBLIC OF",SEOUL,韩国,韩国,16,1
2020-02-04,MALAYSIA,KUALA LUMPUR,马来西亚,马来西亚,10,2
2020-02-04,NEPAL,KATHMANDU,尼泊尔,尼泊尔,1,0
2020-02-04,PHILIPPINES,MANILA,菲律宾,菲律宾,2,0
2020-02-04,RUSSIAN FEDERATION,MOSCOW,俄罗斯,俄罗斯,2,0
2020-02-04,SPAIN,MADRID,西班牙,西班牙,1,0
2020-02-04,SRI LANKA,COLOMBO,斯里兰卡,斯里兰卡,1,0
2020-02-04,SWEDEN,STOCKHOLM,瑞典,瑞典,1,0
2020-02-04,THAILAND,BANGKOK,泰国,泰国,19,0
2020-02-04,UNITED ARAB EMIRATES,ABU DHABI,阿联酋,阿联酋,5,0
2020-02-04,UNITED KINGDOM,LONDON,英国,英国,2,0
2020-02-04,UNITED STATES,WASHINGTON,美国,美国,11,0
2020-02-04,VIETNAM,HA NOI,越南,越南,9,1
2020-02-04,Singapore,,新加坡,新加坡,18,0
2020-02-05,AUSTRALIA,CANBERRA,澳大利亚,澳大利亚,13,1
2020-02-05,BELGIUM,BRUSSELS,比利时,比利时,1,1
2020-02-05,CAMBODIA,PHNOM PENH,柬埔寨,柬埔寨,1,0
2020-02-05,CANADA,OTTAWA,加拿大,加拿大,5,1
2020-02-05,CHINA,BEIJING,中国,中国,28060,3697
2020-02-05,FINLAND,HELSINKI,芬兰,芬兰,1,0
2020-02-05,FRANCE,PARIS,法国,法国,6,0
2020-02-05,GERMANY,BERLIN,德国,德国,12,0
2020-02-05,INDIA,NEW DELHI,印度,印度,3,0
2020-02-05,ITALY,ROME,意大利,意大利,2,0
2020-02-05,JAPAN,TOKYO,日本,日本,23,3
2020-02-05,"KOREA, REPUBLIC OF",SEOUL,韩国,韩国,18,2
2020-02-05,MALAYSIA,KUALA LUMPUR,马来西亚,马来西亚,10,0
2020-02-05,NEPAL,KATHMANDU,尼泊尔,尼泊尔,1,0
2020-02-05,PHILIPPINES,MANILA,菲律宾,菲律宾,3,1
2020-02-05,RUSSIAN FEDERATION,MOSCOW,俄罗斯,俄罗斯,2,0
2020-02-05,SPAIN,MADRID,西班牙,西班牙,1,0
2020-02-05,SRI LANKA,COLOMBO,斯里兰卡,斯里兰卡,1,0
2020-02-05,SWEDEN,STOCKHOLM,瑞典,瑞典,1,0
2020-02-05,THAILAND,BANGKOK,泰国,泰国,25,6
2020-02-05,UNITED ARAB EMIRATES,ABU DHABI,阿联酋,阿联酋,5,0
2020-02-05,UNITED KINGDOM,LONDON,英国,英国,2,0
2020-02-05,UNITED STATES,WASHINGTON,美国,美国,11,0
2020-02-05,VIETNAM,HA NOI,越南,越南,10,1
2020-02-05,Singapore,,新加坡,新加坡,24,6
2020-02-05,,,其他,其他,10,10
2020-02-06,AUSTRALIA,CANBERRA,澳大利亚,澳大利亚,14,1
2020-02-06,BELGIUM,BRUSSELS,比利时,比利时,1,0
2020-02-06,CAMBODIA,PHNOM PENH,柬埔寨,柬埔寨,1,0
2020-02-06,CANADA,OTTAWA,加拿大,加拿大,5,0
2020-02-06,CHINA,BEIJING,中国,中国,31211,3151
2020-02-06,FINLAND,HELSINKI,芬兰,芬兰,1,0
2020-02-06,FRANCE,PARIS,法国,法国,6,0
2020-02-06,GERMANY,BERLIN,德国,德国,12,0
2020-02-06,INDIA,NEW DELHI,印度,印度,3,0
2020-02-06,ITALY,ROME,意大利,意大利,2,0
2020-02-06,JAPAN,TOKYO,日本,日本,25,2
2020-02-06,"KOREA, REPUBLIC OF",SEOUL,韩国,韩国,23,5
2020-02-06,MALAYSIA,KUALA LUMPUR,马来西亚,马来西亚,12,2
2020-02-06,NEPAL,KATHMANDU,尼泊尔,尼泊尔,1,0
2020-02-06,PHILIPPINES,MANILA,菲律宾,菲律宾,3,0
2020-02-06,RUSSIAN FEDERATION,MOSCOW,俄罗斯,俄罗斯,2,0
2020-02-06,SPAIN,MADRID,西班牙,西班牙,1,0
2020-02-06,SRI LANKA,COLOMBO,斯里兰卡,斯里兰卡,1,0
2020-02-06,SWEDEN,STOCKHOLM,瑞典,瑞典,1,0
2020-02-06,THAILAND,BANGKOK,泰国,泰国,25,0
2020-02-06,UNITED ARAB EMIRATES,ABU DHABI,阿联酋,阿联酋,5,0
2020-02-06,UNITED KINGDOM,LONDON,英国,英国,2,0
2020-02-06,UNITED STATES,WASHINGTON,美国,美国,12,1
2020-02-06,VIETNAM,HA NOI,越南,越南,10,0
2020-02-06,Singapore,,新加坡,新加坡,28,4
2020-02-06,,,其他,其他,20,10
2020-02-07,AUSTRALIA,CANBERRA,澳大利亚,澳大利亚,15,1
2020-02-07,BELGIUM,BRUSSELS,比利时,比利时,1,0
2020-02-07,CAMBODIA,PHNOM PENH,柬埔寨,柬埔寨,1,0
2020-02-07,CANADA,OTTAWA,加拿大,加拿大,7,2
2020-02-07,CHINA,BEIJING,中国,中国,34598,3401
2020-02-07,FINLAND,HELSINKI,芬兰,芬兰,1,0
2020-02-07,FRANCE,PARIS,法国,法国,6,0
2020-02-07,GERMANY,BERLIN,德国,德国,13,1
2020-02-07,INDIA,NEW DELHI,印度,印度,3,0
2020-02-07,ITALY,ROME,意大利,意大利,3,1
2020-02-07,JAPAN,TOKYO,日本,日本,25,0
2020-02-07,"KOREA, REPUBLIC OF",SEOUL,韩国,韩国,24,1
2020-02-07,MALAYSIA,KUALA LUMPUR,马来西亚,马来西亚,14,2
2020-02-07,NEPAL,KATHMANDU,尼泊尔,尼泊尔,1,0
2020-02-07,PHILIPPINES,MANILA,菲律宾,菲律宾,3,0
2020-02-07,RUSSIAN FEDERATION,MOSCOW,俄罗斯,俄罗斯,2,0
2020-02-07,SPAIN,MADRID,西班牙,西班牙,1,0
2020-02-07,SRI LANKA,COLOMBO,斯里兰卡,斯里兰卡,1,0
2020-02-07,SWEDEN,STOCKHOLM,瑞典,瑞典,1,0
2020-02-07,THAILAND,BANGKOK,泰国,泰国,25,0
2020-02-07,UNITED ARAB EMIRATES,ABU DHABI,阿联酋,阿联酋,5,0
2020-02-07,UNITED KINGDOM,LONDON,英国,英国,3,1
2020-02-07,UNITED STATES,WASHINGTON,美国,美国,12,0
2020-02-07,VIETNAM,HA NOI,越南,越南,12,2
2020-02-07,Singapore,,新加坡,新加坡,30,2
2020-02-07,,,其他,其他,61,41
2020-02-08,AUSTRALIA,CANBERRA,澳大利亚,澳大利亚,15,0
2020-02-08,BELGIUM,BRUSSELS,比利时,比利时,1,0
2020-02-08,CAMBODIA,PHNOM PENH,柬埔寨,柬埔寨,1,0
2020-02-08,CANADA,OTTAWA,加拿大,加拿大,7,0
2020-02-08,CHINA,BEIJING,中国,中国,37251,2657
2020-02-08,FINLAND,HELSINKI,芬兰,芬兰,1,0
2020-02-08,FRANCE,PARIS,法国,法国,6,0
2020-02-08,GERMANY,BERLIN,德国,德国,14,1
2020-02-08,INDIA,NEW DELHI,印度,印度,3,0
2020-02-08,ITALY,ROME,意大利,意大利,3,0
2020-02-08,JAPAN,TOKYO,日本,日本,25,0
2020-02-08,"KOREA, REPUBLIC OF",SEOUL,韩国,韩国,24,0
2020-02-08,MALAYSIA,KUALA LUMPUR,马来西亚,马来西亚,15,1
2020-02-08,NEPAL,KATHMANDU,尼泊尔,尼泊尔,1,0
2020-02-08,PHILIPPINES,MANILA,菲律宾,菲律宾,3,0
2020-02-08,RUSSIAN FEDERATION,MOSCOW,俄罗斯,俄罗斯,2,0
2020-02-08,SPAIN,MADRID,西班牙,西班牙,1,0
2020-02-08,SRI LANKA,COLOMBO,斯里兰卡,斯里兰卡,1,0
2020-02-08,SWEDEN,STOCKHOLM,瑞典,瑞典,1,0
2020-02-08,THAILAND,BANGKOK,泰国,泰国,32,7
2020-02-08,UNITED ARAB EMIRATES,ABU DHABI,阿联酋,阿联酋,7,2
2020-02-08,UNITED KINGDOM,LONDON,英国,英国,3,0
2020-02-08,UNITED STATES,WASHINGTON,美国,美国,12,0
2020-02-08,VIETNAM,HA NOI,越南,越南,13,1
2020-02-08,Singapore,,新加坡,新加坡,33,3
2020-02-08,,,其他,其他,64,3
2020-02-09,AUSTRALIA,CANBERRA,澳大利亚,澳大利亚,15,0
2020-02-09,BELGIUM,BRUSSELS,比利时,比利时,1,0
2020-02-09,CAMBODIA,PHNOM PENH,柬埔寨,柬埔寨,1,0
2020-02-09,CANADA,OTTAWA,加拿大,加拿大,7,0
2020-02-09,CHINA,BEIJING,中国,中国,40235,3073
2020-02-09,FINLAND,HELSINKI,芬兰,芬兰,1,0
2020-02-09,FRANCE,PARIS,法国,法国,11,5
2020-02-09,GERMANY,BERLIN,德国,德国,14,0
2020-02-09,INDIA,NEW DELHI,印度,印度,3,0
2020-02-09,ITALY,ROME,意大利,意大利,3,0
2020-02-09,JAPAN,TOKYO,日本,日本,26,1
2020-02-09,"KOREA, REPUBLIC OF",SEOUL,韩国,韩国,27,3
2020-02-09,MALAYSIA,KUALA LUMPUR,马来西亚,马来西亚,17,2
2020-02-09,NEPAL,KATHMANDU,尼泊尔,尼泊尔,1,0
2020-02-09,PHILIPPINES,MANILA,菲律宾,菲律宾,3,0
2020-02-09,RUSSIAN FEDERATION,MOSCOW,俄罗斯,俄罗斯,2,0
2020-02-09,SPAIN,MADRID,西班牙,西班牙,1,0
2020-02-09,SRI LANKA,COLOMBO,斯里兰卡,斯里兰卡,1,0
2020-02-09,SWEDEN,STOCKHOLM,瑞典,瑞典,1,0
2020-02-09,THAILAND,BANGKOK,泰国,泰国,32,0
2020-02-09,UNITED ARAB EMIRATES,ABU DHABI,阿联酋,阿联酋,7,0
2020-02-09,UNITED KINGDOM,LONDON,英国,英国,3,0
2020-02-09,UNITED STATES,WASHINGTON,美国,美国,12,0
2020-02-09,VIETNAM,HA NOI,越南,越南,14,1
2020-02-09,Singapore,,新加坡,新加坡,40,7
2020-02-09,,,其他,其他,64,0
2020-02-10,AUSTRALIA,CANBERRA,澳大利亚,澳大利亚,15,0
2020-02-10,BELGIUM,BRUSSELS,比利时,比利时,1,0
2020-02-10,CAMBODIA,PHNOM PENH,柬埔寨,柬埔寨,1,0
2020-02-10,CANADA,OTTAWA,加拿大,加拿大,7,0
2020-02-10,CHINA,BEIJING,中国,中国,42708,2484
2020-02-10,FINLAND,HELSINKI,芬兰,芬兰,1,0
2020-02-10,FRANCE,PARIS,法国,法国,11,0
2020-02-10,GERMANY,BERLIN,德国,德国,14,0
2020-02-10,INDIA,NEW DELHI,印度,印度,3,0
2020-02-10,ITALY,ROME,意大利,意大利,3,0
2020-02-10,JAPAN,TOKYO,日本,日本,26,0
2020-02-10,"KOREA, REPUBLIC OF",SEOUL,韩国,韩国,27,0
2020-02-10,MALAYSIA,KUALA LUMPUR,马来西亚,马来西亚,18,1
2020-02-10,NEPAL,KATHMANDU,尼泊尔,尼泊尔,1,0
2020-02-10,PHILIPPINES,MANILA,菲律宾,菲律宾,3,0
2020-02-10,RUSSIAN FEDERATION,MOSCOW,俄罗斯,俄罗斯,2,0
2020-02-10,SPAIN,MADRID,西班牙,西班牙,2,1
2020-02-10,SRI LANKA,COLOMBO,斯里兰卡,斯里兰卡,1,0
2020-02-10,SWEDEN,STOCKHOLM,瑞典,瑞典,1,0
2020-02-10,THAILAND,BANGKOK,泰国,泰国,32,0
2020-02-10,UNITED ARAB EMIRATES,ABU DHABI,阿联酋,阿联酋,7,0
2020-02-10,UNITED KINGDOM,LONDON,英国,英国,4,1
2020-02-10,UNITED STATES,WASHINGTON,美国,美国,12,0
2020-02-10,VIETNAM,HA NOI,越南,越南,14,0
2020-02-10,Singapore,,新加坡,新加坡,43,3
2020-02-10,,,其他,其他,70,6
2020-02-11,AUSTRALIA,CANBERRA,澳大利亚,澳大利亚,15,0
2020-02-11,BELGIUM,BRUSSELS,比利时,比利时,1,0
2020-02-11,CAMBODIA,PHNOM PENH,柬埔寨,柬埔寨,1,0
2020-02-11,CANADA,OTTAWA,加拿大,加拿大,7,0
2020-02-11,CHINA,BEIJING,中国,中国,44730,2022
2020-02-11,FINLAND,HELSINKI,芬兰,芬兰,1,0
2020-02-11,FRANCE,PARIS,法国,法国,11,0
2020-02-11,GERMANY,BERLIN,德国,德国,14,0
2020-02-11,INDIA,NEW DELHI,印度,印度,3,0
2020-02-11,ITALY,ROME,意大利,意大利,3,0
2020-02-11,JAPAN,TOKYO,日本,日本,26,0
2020-02-11,"KOREA, REPUBLIC OF",SEOUL,韩国,韩国,28,1
2020-02-11,MALAYSIA,KUALA LUMPUR,马来西亚,马来西亚,18,0
2020-02-11,NEPAL,KATHMANDU,尼泊尔,尼泊尔,1,0
2020-02-11,PHILIPPINES,MANILA,菲律宾,菲律宾,3,0
2020-02-11,RUSSIAN FEDERATION,MOSCOW,俄罗斯,俄罗斯,2,0
2020-02-11,SPAIN,MADRID,西班牙,西班牙,2,0
2020-02-11,SRI LANKA,COLOMBO,斯里兰卡,斯里兰卡,1,0
2020-02-11,SWEDEN,STOCKHOLM,瑞典,瑞典,1,0
2020-02-11,THAILAND,BANGKOK,泰国,泰国,33,1
2020-02-11,UNITED ARAB EMIRATES,ABU DHABI,阿联酋,阿联酋,8,1
2020-02-11,UNITED KINGDOM,LONDON,英国,英国,8,4
2020-02-11,UNITED STATES,WASHINGTON,美国,美国,13,1
2020-02-11,VIETNAM,HA NOI,越南,越南,15,1
2020-02-11,Singapore,,新加坡,新加坡,45,2
2020-02-11,,,其他,其他,135,65
2020-02-12,AUSTRALIA,CANBERRA,澳大利亚,澳大利亚,15,0
2020-02-12,BELGIUM,BRUSSELS,比利时,比利时,1,0
2020-02-12,CAMBODIA,PHNOM PENH,柬埔寨,柬埔寨,1,0
2020-02-12,CANADA,OTTAWA,加拿大,加拿大,7,0
2020-02-12,CHINA,BEIJING,中国,中国,59882,15153
2020-02-12,FINLAND,HELSINKI,芬兰,芬兰,1,0
2020-02-12,FRANCE,PARIS,法国,法国,11,0
2020-02-12,GERMANY,BERLIN,德国,德国,16,2
2020-02-12,INDIA,NEW DELHI,印度,印度,3,0
2020-02-12,ITALY,ROME,意大利,意大利,3,0
2020-02-12,JAPAN,TOKYO,日本,日本,28,2
2020-02-12,"KOREA, REPUBLIC OF",SEOUL,韩国,韩国,28,0
2020-02-12,MALAYSIA,KUALA LUMPUR,马来西亚,马来西亚,18,0
2020-02-12,NEPAL,KATHMANDU,尼泊尔,尼泊尔,1,0
2020-02-12,PHILIPPINES,MANILA,菲律宾,菲律宾,3,0
2020-02-12,RUSSIAN FEDERATION,MOSCOW,俄罗斯,俄罗斯,2,0
2020-02-12,SPAIN,MADRID,西班牙,西班牙,2,0
2020-02-12,SRI LANKA,COLOMBO,斯里兰卡,斯里兰卡,1,0
2020-02-12,SWEDEN,STOCKHOLM,瑞典,瑞典,1,0
2020-02-12,THAILAND,BANGKOK,泰国,泰国,33,0
2020-02-12,UNITED ARAB EMIRATES,ABU DHABI,阿联酋,阿联酋,8,0
2020-02-12,UNITED KINGDOM,LONDON,英国,英国,8,0
2020-02-12,UNITED STATES,WASHINGTON,美国,美国,13,0
2020-02-12,VIETNAM,HA NOI,越南,越南,15,0
2020-02-12,Singapore,,新加坡,新加坡,47,2
2020-02-12,,,其他,其他,175,40
2020-02-13,AUSTRALIA,CANBERRA,澳大利亚,澳大利亚,15,0
2020-02-13,BELGIUM,BRUSSELS,比利时,比利时,1,0
2020-02-13,CAMBODIA,PHNOM PENH,柬埔寨,柬埔寨,1,0
2020-02-13,CANADA,OTTAWA,加拿大,加拿大,7,0
2020-02-13,CHINA,BEIJING,中国,中国,63932,5093
2020-02-13,FINLAND,HELSINKI,芬兰,芬兰,1,0
2020-02-13,FRANCE,PARIS,法国,法国,11,0
2020-02-13,GERMANY,BERLIN,德国,德国,16,0
2020-02-13,INDIA,NEW DELHI,印度,印度,3,0
2020-02-13,ITALY,ROME,意大利,意大利,3,0
2020-02-13,JAPAN,TOKYO,日本,日本,29,0
2020-02-13,"KOREA, REPUBLIC OF",SEOUL,韩国,韩国,28,0
2020-02-13,MALAYSIA,KUALA LUMPUR,马来西亚,马来西亚,18,0
2020-02-13,NEPAL,KATHMANDU,尼泊尔,尼泊尔,1,0
2020-02-13,PHILIPPINES,MANILA,菲律宾,菲律宾,3,0
2020-02-13,RUSSIAN FEDERATION,MOSCOW,俄罗斯,俄罗斯,2,0
2020-02-13,SPAIN,MADRID,西班牙,西班牙,2,0
2020-02-13,SRI LANKA,COLOMBO,斯里兰卡,斯里兰卡,1,0
2020-02-13,SWEDEN,STOCKHOLM,瑞典,瑞典,1,0
2020-02-13,THAILAND,BANGKOK,泰国,泰国,33,0
2020-02-13,UNITED ARAB EMIRATES,ABU DHABI,阿联酋,阿联酋,8,0
2020-02-13,UNITED KINGDOM,LONDON,英国,英国,9,1
2020-02-13,UNITED STATES,WASHINGTON,美国,美国,14,1
2020-02-13,VIETNAM,HA NOI,越南,越南,16,1
2020-02-13,Singapore,,新加坡,新加坡,50,3
2020-02-13,,,其他,其他,174,0
2020-02-14,AUSTRALIA,CANBERRA,澳大利亚,澳大利亚,15,0
2020-02-14,BELGIUM,BRUSSELS,比利时,比利时,1,0
2020-02-14,CAMBODIA,PHNOM PENH,柬埔寨,柬埔寨,1,0
2020-02-14,CANADA,OTTAWA,加拿大,加拿大,7,0
2020-02-14,CHINA,BEIJING,中国,中国,66576,2644
2020-02-14,FINLAND,HELSINKI,芬兰,芬兰,1,0
2020-02-14,FRANCE,PARIS,法国,法国,11,0
2020-02-14,GERMANY,BERLIN,德国,德国,16,0
2020-02-14,INDIA,NEW DELHI,印度,印度,3,0
2020-02-14,ITALY,ROME,意大利,意大利,3,0
2020-02-14,JAPAN,TOKYO,日本,日本,33,4
2020-02-14,"KOREA, REPUBLIC OF",SEOUL,韩国,韩国,28,0
2020-02-14,MALAYSIA,KUALA LUMPUR,马来西亚,马来西亚,19,1
2020-02-14,NEPAL,KATHMANDU,尼泊尔,尼泊尔,1,0
2020-02-14,PHILIPPINES,MANILA,菲律宾,菲律宾,3,0
2020-02-14,RUSSIAN FEDERATION,MOSCOW,俄罗斯,俄罗斯,2,0
2020-02-14,SPAIN,MADRID,西班牙,西班牙,2,0
2020-02-14,SRI LANKA,COLOMBO,斯里兰卡,斯里兰卡,1,0
2020-02-14,SWEDEN,STOCKHOLM,瑞典,瑞典,1,0
2020-02-14,THAILAND,BANGKOK,泰国,泰国,33,0
2020-02-14,UNITED ARAB EMIRATES,ABU DHABI,阿联酋,阿联酋,8,0
2020-02-14,UNITED KINGDOM,LONDON,英国,英国,9,0
2020-02-14,UNITED STATES,WASHINGTON,美国,美国,15,1
2020-02-14,VIETNAM,HA NOI,越南,越南,16,0
2020-02-14,Singapore,,新加坡,新加坡,58,8
2020-02-14,,,其他,其他,218,44
2020-02-15,AUSTRALIA,CANBERRA,澳大利亚,澳大利亚,15,0
2020-02-15,BELGIUM,BRUSSELS,比利时,比利时,1,0
2020-02-15,CAMBODIA,PHNOM PENH,柬埔寨,柬埔寨,1,0
2020-02-15,CANADA,OTTAWA,加拿大,加拿大,7,0
2020-02-15,CHINA,BEIJING,中国,中国,68584,2009
2020-02-15,EGYPT,CAIRO,埃及,埃及,1,1
2020-02-15,FINLAND,HELSINKI,芬兰,芬兰,1,0
2020-02-15,FRANCE,PARIS,法国,法国,11,0
2020-02-15,GERMANY,BERLIN,德国,德国,16,0
2020-02-15,INDIA,NEW DELHI,印度,印度,3,0
2020-02-15,ITALY,ROME,意大利,意大利,3,0
2020-02-15,JAPAN,TOKYO,日本,日本,41,8
2020-02-15,"KOREA, REPUBLIC OF",SEOUL,韩国,韩国,28,0
2020-02-15,MALAYSIA,KUALA LUMPUR,马来西亚,马来西亚,21,2
2020-02-15,NEPAL,KATHMANDU,尼泊尔,尼泊尔,1,0
2020-02-15,PHILIPPINES,MANILA,菲律宾,菲律宾,3,0
2020-02-15,RUSSIAN FEDERATION,MOSCOW,俄罗斯,俄罗斯,2,0
2020-02-15,SPAIN,MADRID,西班牙,西班牙,2,0
2020-02-15,SRI LANKA,COLOMBO,斯里兰卡,斯里兰卡,1,0
2020-02-15,SWEDEN,STOCKHOLM,瑞典,瑞典,1,0
2020-02-15,THAILAND,BANGKOK,泰国,泰国,34,1
2020-02-15,UNITED ARAB EMIRATES,ABU DHABI,阿联酋,阿联酋,8,0
2020-02-15,UNITED KINGDOM,LONDON,英国,英国,9,0
2020-02-15,UNITED STATES,WASHINGTON,美国,美国,15,0
2020-02-15,VIETNAM,HA NOI,越南,越南,16,0
2020-02-15,Singapore,,新加坡,新加坡,67,9
2020-02-15,,,其他,其他,218,0
2020-02-16,AUSTRALIA,CANBERRA,澳大利亚,澳大利亚,15,0
2020-02-16,BELGIUM,BRUSSELS,比利时,比利时,1,0
2020-02-16,CAMBODIA,PHNOM PENH,柬埔寨,柬埔寨,1,0
2020-02-16,CANADA,OTTAWA,加拿大,加拿大,7,0
2020-02-16,CHINA,BEIJING,中国,中国,70635,2051
2020-02-16,EGYPT,CAIRO,埃及,埃及,1,0
2020-02-16,FINLAND,HELSINKI,芬兰,芬兰,1,0
2020-02-16,FRANCE,PARIS,法国,法国,12,1
2020-02-16,GERMANY,BERLIN,德国,德国,16,0
2020-02-16,INDIA,NEW DELHI,印度,印度,3,0
2020-02-16,ITALY,ROME,意大利,意大利,3,0
2020-02-16,JAPAN,TOKYO,日本,日本,53,12
2020-02-16,"KOREA, REPUBLIC OF",SEOUL,韩国,韩国,29,1
2020-02-16,MALAYSIA,KUALA LUMPUR,马来西亚,马来西亚,22,1
2020-02-16,NEPAL,KATHMANDU,尼泊尔,尼泊尔,1,0
2020-02-16,PHILIPPINES,MANILA,菲律宾,菲律宾,3,0
2020-02-16,RUSSIAN FEDERATION,MOSCOW,俄罗斯,俄罗斯,2,0
2020-02-16,SPAIN,MADRID,西班牙,西班牙,2,0
2020-02-16,SRI LANKA,COLOMBO,斯里兰卡,斯里兰卡,1,0
2020-02-16,SWEDEN,STOCKHOLM,瑞典,瑞典,1,0
2020-02-16,THAILAND,BANGKOK,泰国,泰国,34,0
2020-02-16,UNITED ARAB EMIRATES,ABU DHABI,阿联酋,阿联酋,8,0
2020-02-16,UNITED KINGDOM,LONDON,英国,英国,9,0
2020-02-16,UNITED STATES,WASHINGTON,美国,美国,15,0
2020-02-16,VIETNAM,HA NOI,越南,越南,16,0
2020-02-16,Singapore,,新加坡,新加坡,72,5
2020-02-16,,,其他,其他,355,137
2020-02-17,AUSTRALIA,CANBERRA,澳大利亚,澳大利亚,15,0
2020-02-17,BELGIUM,BRUSSELS,比利时,比利时,1,0
2020-02-17,CAMBODIA,PHNOM PENH,柬埔寨,柬埔寨,1,0
2020-02-17,CANADA,OTTAWA,加拿大,加拿大,7,0
2020-02-17,CHINA,BEIJING,中国,中国,72528,1891
2020-02-17,EGYPT,CAIRO,埃及,埃及,1,0
2020-02-17,FINLAND,HELSINKI,芬兰,芬兰,1,0
2020-02-17,FRANCE,PARIS,法国,法国,12,0
2020-02-17,GERMANY,BERLIN,德国,德国,16,0
2020-02-17,INDIA,NEW DELHI,印度,印度,3,0
2020-02-17,ITALY,ROME,意大利,意大利,3,0
2020-02-17,JAPAN,TOKYO,日本,日本,59,6
2020-02-17,"KOREA, REPUBLIC OF",SEOUL,韩国,韩国,30,1
2020-02-17,MALAYSIA,KUALA LUMPUR,马来西亚,马来西亚,22,0
2020-02-17,NEPAL,KATHMANDU,尼泊尔,尼泊尔,1,0
2020-02-17,PHILIPPINES,MANILA,菲律宾,菲律宾,3,0
2020-02-17,RUSSIAN FEDERATION,MOSCOW,俄罗斯,俄罗斯,2,0
2020-02-17,SPAIN,MADRID,西班牙,西班牙,2,0
2020-02-17,SRI LANKA,COLOMBO,斯里兰卡,斯里兰卡,1,0
2020-02-17,SWEDEN,STOCKHOLM,瑞典,瑞典,1,0
2020-02-17,THAILAND,BANGKOK,泰国,泰国,35,1
2020-02-17,UNITED ARAB EMIRATES,ABU DHABI,阿联酋,阿联酋,9,1
2020-02-17,UNITED KINGDOM,LONDON,英国,英国,9,0
2020-02-17,UNITED STATES,WASHINGTON,美国,美国,15,0
2020-02-17,VIETNAM,HA NOI,越南,越南,16,0
2020-02-17,Singapore,,新加坡,新加坡,75,3
2020-02-17,,,其他,其他,454,99
2020-02-18,AUSTRALIA,CANBERRA,澳大利亚,澳大利亚,15,0
2020-02-18,BELGIUM,BRUSSELS,比利时,比利时,1,0
2020-02-18,CAMBODIA,PHNOM PENH,柬埔寨,柬埔寨,1,0
2020-02-18,CANADA,OTTAWA,加拿大,加拿大,8,1
2020-02-18,CHINA,BEIJING,中国,中国,74279,1751
2020-02-18,EGYPT,CAIRO,埃及,埃及,1,0
2020-02-18,FINLAND,HELSINKI,芬兰,芬兰,1,0
2020-02-18,FRANCE,PARIS,法国,法国,12,0
2020-02-18,GERMANY,BERLIN,德国,德国,16,0
2020-02-18,INDIA,NEW DELHI,印度,印度,3,0
2020-02-18,ITALY,ROME,意大利,意大利,3,0
2020-02-18,JAPAN,TOKYO,日本,日本,65,6
2020-02-18,"KOREA, REPUBLIC OF",SEOUL,韩国,韩国,31,1
2020-02-18,MALAYSIA,KUALA LUMPUR,马来西亚,马来西亚,22,0
2020-02-18,NEPAL,KATHMANDU,尼泊尔,尼泊尔,1,0
2020-02-18,PHILIPPINES,MANILA,菲律宾,菲律宾,3,0
2020-02-18,RUSSIAN FEDERATION,MOSCOW,俄罗斯,俄罗斯,2,0
2020-02-18,SPAIN,MADRID,西班牙,西班牙,2,0
2020-02-18,SRI LANKA,COLOMBO,斯里兰卡,斯里兰卡,1,0
2020-02-18,SWEDEN,STOCKHOLM,瑞典,瑞典,1,0
2020-02-18,THAILAND,BANGKOK,泰国,泰国,35,0
2020-02-18,UNITED ARAB EMIRATES,ABU DHABI,阿联酋,阿联酋,9,0
2020-02-18,UNITED KINGDOM,LONDON,英国,英国,9,0
2020-02-18,UNITED STATES,WASHINGTON,美国,美国,15,0
2020-02-18,VIETNAM,HA NOI,越南,越南,16,0
2020-02-18,Singapore,,新加坡,新加坡,77,2
2020-02-18,,,其他,其他,454,0
2020-02-19,AUSTRALIA,CANBERRA,澳大利亚,澳大利亚,15,0
2020-02-19,BELGIUM,BRUSSELS,比利时,比利时,1,0
2020-02-19,CAMBODIA,PHNOM PENH,柬埔寨,柬埔寨,1,0
2020-02-19,CANADA,OTTAWA,加拿大,加拿大,8,0
2020-02-19,CHINA,BEIJING,中国,中国,75101,825
2020-02-19,EGYPT,CAIRO,埃及,埃及,1,0
2020-02-19,FINLAND,HELSINKI,芬兰,芬兰,1,0
2020-02-19,FRANCE,PARIS,法国,法国,12,0
2020-02-19,GERMANY,BERLIN,德国,德国,16,0
2020-02-19,INDIA,NEW DELHI,印度,印度,3,0
2020-02-19,ITALY,ROME,意大利,意大利,3,0
2020-02-19,JAPAN,TOKYO,日本,日本,73,8
2020-02-19,"KOREA, REPUBLIC OF",SEOUL,韩国,韩国,51,20
2020-02-19,MALAYSIA,KUALA LUMPUR,马来西亚,马来西亚,22,0
2020-02-19,NEPAL,KATHMANDU,尼泊尔,尼泊尔,1,0
2020-02-19,PHILIPPINES,MANILA,菲律宾,菲律宾,3,0
2020-02-19,RUSSIAN FEDERATION,MOSCOW,俄罗斯,俄罗斯,2,0
2020-02-19,SPAIN,MADRID,西班牙,西班牙,2,0
2020-02-19,SRI LANKA,COLOMBO,斯里兰卡,斯里兰卡,1,0
2020-02-19,SWEDEN,STOCKHOLM,瑞典,瑞典,1,0
2020-02-19,THAILAND,BANGKOK,泰国,泰国,35,0
2020-02-19,UNITED ARAB EMIRATES,ABU DHABI,阿联酋,阿联酋,9,0
2020-02-19,UNITED KINGDOM,LONDON,英国,英国,9,0
2020-02-19,UNITED STATES,WASHINGTON,美国,美国,15,0
2020-02-19,VIETNAM,HA NOI,越南,越南,16,0
2020-02-19,Singapore,,新加坡,新加坡,81,4
2020-02-19,,,其他,其他,542,88
2020-02-20,AUSTRALIA,CANBERRA,澳大利亚,澳大利亚,15,0
2020-02-20,BELGIUM,BRUSSELS,比利时,比利时,1,0
2020-02-20,CAMBODIA,PHNOM PENH,柬埔寨,柬埔寨,1,0
2020-02-20,CANADA,OTTAWA,加拿大,加拿大,8,0
2020-02-20,CHINA,BEIJING,中国,中国,75993,892
2020-02-20,EGYPT,CAIRO,埃及,埃及,1,0
2020-02-20,FINLAND,HELSINKI,芬兰,芬兰,1,0
2020-02-20,FRANCE,PARIS,法国,法国,12,0
2020-02-20,GERMANY,BERLIN,德国,德国,16,0
2020-02-20,INDIA,NEW DELHI,印度,印度,3,0
2020-02-20,IRAN,TEHRAN,伊朗,伊朗,2,2
2020-02-20,ITALY,ROME,意大利,意大利,3,0
2020-02-20,JAPAN,TOKYO,日本,日本,85,12
2020-02-20,"KOREA, REPUBLIC OF",SEOUL,韩国,韩国,104,53
2020-02-20,MALAYSIA,KUALA LUMPUR,马来西亚,马来西亚,22,0
2020-02-20,NEPAL,KATHMANDU,尼泊尔,尼泊尔,1,0
2020-02-20,PHILIPPINES,MANILA,菲律宾,菲律宾,3,0
2020-02-20,RUSSIAN FEDERATION,MOSCOW,俄罗斯,俄罗斯,2,0
2020-02-20,SPAIN,MADRID,西班牙,西班牙,2,0
2020-02-20,SRI LANKA,COLOMBO,斯里兰卡,斯里兰卡,1,0
2020-02-20,SWEDEN,STOCKHOLM,瑞典,瑞典,1,0
2020-02-20,THAILAND,BANGKOK,泰国,泰国,35,0
2020-02-20,UNITED ARAB EMIRATES,ABU DHABI,阿联酋,阿联酋,9,0
2020-02-20,UNITED KINGDOM,LONDON,英国,英国,9,0
2020-02-20,UNITED STATES,WASHINGTON,美国,美国,15,0
2020-02-20,VIETNAM,HA NOI,越南,越南,16,0
2020-02-20,Singapore,,新加坡,新加坡,84,3
2020-02-20,,,其他,其他,621,79
2020-02-21,AUSTRALIA,CANBERRA,澳大利亚,澳大利亚,17,2
2020-02-21,BELGIUM,BRUSSELS,比利时,比利时,1,0
2020-02-21,CAMBODIA,PHNOM PENH,柬埔寨,柬埔寨,1,0
2020-02-21,CANADA,OTTAWA,加拿大,加拿大,8,0
2020-02-21,CHINA,BEIJING,中国,中国,76392,399
2020-02-21,EGYPT,CAIRO,埃及,埃及,1,0
2020-02-21,FINLAND,HELSINKI,芬兰,芬兰,1,0
2020-02-21,FRANCE,PARIS,法国,法国,12,0
2020-02-21,GERMANY,BERLIN,德国,德国,16,0
2020-02-21,INDIA,NEW DELHI,印度,印度,3,0
2020-02-21,IRAN,TEHRAN,伊朗,伊朗,5,3
2020-02-21,ITALY,ROME,意大利,意大利,3,0
2020-02-21,JAPAN,TOKYO,日本,日本,93,8
2020-02-21,"KOREA, REPUBLIC OF",SEOUL,韩国,韩国,204,100
2020-02-21,MALAYSIA,KUALA LUMPUR,马来西亚,马来西亚,22,0
2020-02-21,NEPAL,KATHMANDU,尼泊尔,尼泊尔,1,0
2020-02-21,PHILIPPINES,MANILA,菲律宾,菲律宾,3,0
2020-02-21,RUSSIAN FEDERATION,MOSCOW,俄罗斯,俄罗斯,2,0
2020-02-21,SPAIN,MADRID,西班牙,西班牙,2,0
2020-02-21,SRI LANKA,COLOMBO,斯里兰卡,斯里兰卡,1,0
2020-02-21,SWEDEN,STOCKHOLM,瑞典,瑞典,1,0
2020-02-21,THAILAND,BANGKOK,泰国,泰国,35,0
2020-02-21,UNITED ARAB EMIRATES,ABU DHABI,阿联酋,阿联酋,9,0
2020-02-21,UNITED KINGDOM,LONDON,英国,英国,9,0
2020-02-21,UNITED STATES,WASHINGTON,美国,美国,15,0
2020-02-21,VIETNAM,HA NOI,越南,越南,16,0
2020-02-21,Singapore,,新加坡,新加坡,85,1
2020-02-21,,,其他,其他,634,13
2020-02-22,AUSTRALIA,CANBERRA,澳大利亚,澳大利亚,21,4
2020-02-22,BELGIUM,BRUSSELS,比利时,比利时,1,0
2020-02-22,CAMBODIA,PHNOM PENH,柬埔寨,柬埔寨,1,0
2020-02-22,CANADA,OTTAWA,加拿大,加拿大,8,0
2020-02-22,CHINA,BEIJING,中国,中国,77041,649
2020-02-22,EGYPT,CAIRO,埃及,埃及,1,0
2020-02-22,FINLAND,HELSINKI,芬兰,芬兰,1,0
2020-02-22,FRANCE,PARIS,法国,法国,12,0
2020-02-22,GERMANY,BERLIN,德国,德国,16,0
2020-02-22,INDIA,NEW DELHI,印度,印度,3,0
2020-02-22,IRAN,TEHRAN,伊朗,伊朗,18,13
2020-02-22,ISRAEL,JERUSALEM,以色列,以色列,1,1
2020-02-22,ITALY,ROME,意大利,意大利,9,6
2020-02-22,JAPAN,TOKYO,日本,日本,105,12
2020-02-22,"KOREA, REPUBLIC OF",SEOUL,韩国,韩国,346,142
2020-02-22,LEBANON,BEYROUTH,黎巴嫩,黎巴嫩,1,1
2020-02-22,MALAYSIA,KUALA LUMPUR,马来西亚,马来西亚,22,0
2020-02-22,NEPAL,KATHMANDU,尼泊尔,尼泊尔,1,0
2020-02-22,PHILIPPINES,MANILA,菲律宾,菲律宾,3,0
2020-02-22,RUSSIAN FEDERATION,MOSCOW,俄罗斯,俄罗斯,2,0
2020-02-22,SPAIN,MADRID,西班牙,西班牙,2,0
2020-02-22,SRI LANKA,COLOMBO,斯里兰卡,斯里兰卡,1,0
2020-02-22,SWEDEN,STOCKHOLM,瑞典,瑞典,1,0
2020-02-22,THAILAND,BANGKOK,泰国,泰国,35,0
2020-02-22,UNITED ARAB EMIRATES,ABU DHABI,阿联酋,阿联酋,11,2
2020-02-22,UNITED KINGDOM,LONDON,英国,英国,9,0
2020-02-22,UNITED STATES,WASHINGTON,美国,美国,35,20
2020-02-22,VIETNAM,HA NOI,越南,越南,16,0
2020-02-22,Singapore,,新加坡,新加坡,86,1
2020-02-22,,,其他,其他,634,0
2020-02-23,AUSTRALIA,CANBERRA,澳大利亚,澳大利亚,22,1
2020-02-23,BELGIUM,BRUSSELS,比利时,比利时,1,0
2020-02-23,CAMBODIA,PHNOM PENH,柬埔寨,柬埔寨,1,0
2020-02-23,CANADA,OTTAWA,加拿大,加拿大,9,1
2020-02-23,CHINA,BEIJING,中国,中国,77262,416
2020-02-23,EGYPT,CAIRO,埃及,埃及,1,0
2020-02-23,FINLAND,HELSINKI,芬兰,芬兰,1,0
2020-02-23,FRANCE,PARIS,法国,法国,12,0
2020-02-23,GERMANY,BERLIN,德国,德国,16,0
2020-02-23,INDIA,NEW DELHI,印度,印度,3,0
2020-02-23,IRAN,TEHRAN,伊朗,伊朗,28,10
2020-02-23,ISRAEL,JERUSALEM,以色列,以色列,1,0
2020-02-23,ITALY,ROME,意大利,意大利,76,67
2020-02-23,JAPAN,TOKYO,日本,日本,132,27
2020-02-23,"KOREA, REPUBLIC OF",SEOUL,韩国,韩国,602,256
2020-02-23,LEBANON,BEYROUTH,黎巴嫩,黎巴嫩,1,0
2020-02-23,MALAYSIA,KUALA LUMPUR,马来西亚,马来西亚,22,0
2020-02-23,NEPAL,KATHMANDU,尼泊尔,尼泊尔,1,0
2020-02-23,PHILIPPINES,MANILA,菲律宾,菲律宾,3,0
2020-02-23,RUSSIAN FEDERATION,MOSCOW,俄罗斯,俄罗斯,2,0
2020-02-23,SPAIN,MADRID,西班牙,西班牙,2,0
2020-02-23,SRI LANKA,COLOMBO,斯里兰卡,斯里兰卡,1,0
2020-02-23,SWEDEN,STOCKHOLM,瑞典,瑞典,1,0
2020-02-23,THAILAND,BANGKOK,泰国,泰国,35,0
2020-02-23,UNITED ARAB EMIRATES,ABU DHABI,阿联酋,阿联酋,13,2
2020-02-23,UNITED KINGDOM,LONDON,英国,英国,9,0
2020-02-23,UNITED STATES,WASHINGTON,美国,美国,35,0
2020-02-23,VIETNAM,HA NOI,越南,越南,16,0
2020-02-23,Singapore,,新加坡,新加坡,89,3
2020-02-23,,,其他,其他,634,0
2020-02-24,AUSTRALIA,CANBERRA,澳大利亚,澳大利亚,22,0
2020-02-24,BELGIUM,BRUSSELS,比利时,比利时,1,0
2020-02-24,CAMBODIA,PHNOM PENH,柬埔寨,柬埔寨,1,0
2020-02-24,CANADA,OTTAWA,加拿大,加拿大,9,0
2020-02-24,CHINA,BEIJING,中国,中国,77779,517
2020-02-24,EGYPT,CAIRO,埃及,埃及,1,0
2020-02-24,FINLAND,HELSINKI,芬兰,芬兰,1,0
2020-02-24,FRANCE,PARIS,法国,法国,12,0
2020-02-24,GERMANY,BERLIN,德国,德国,16,0
2020-02-24,INDIA,NEW DELHI,印度,印度,3,0
2020-02-24,IRAN,TEHRAN,伊朗,伊朗,43,15
2020-02-24,ISRAEL,JERUSALEM,以色列,以色列,1,0
2020-02-24,ITALY,ROME,意大利,意大利,124,48
2020-02-24,JAPAN,TOKYO,日本,日本,144,12
2020-02-24,"KOREA, REPUBLIC OF",SEOUL,韩国,韩国,763,161
2020-02-24,KUWAIT,KUWAIT,科威特,科威特,3,3
2020-02-24,LEBANON,BEYROUTH,黎巴嫩,黎巴嫩,1,0
2020-02-24,MALAYSIA,KUALA LUMPUR,马来西亚,马来西亚,22,0
2020-02-24,NEPAL,KATHMANDU,尼泊尔,尼泊尔,1,0
2020-02-24,PHILIPPINES,MANILA,菲律宾,菲律宾,3,0
2020-02-24,RUSSIAN FEDERATION,MOSCOW,俄罗斯,俄罗斯,2,0
2020-02-24,SPAIN,MADRID,西班牙,西班牙,2,0
2020-02-24,SRI LANKA,COLOMBO,斯里兰卡,斯里兰卡,1,0
2020-02-24,SWEDEN,STOCKHOLM,瑞典,瑞典,1,0
2020-02-24,THAILAND,BANGKOK,泰国,泰国,35,0
2020-02-24,UNITED ARAB EMIRATES,ABU DHABI,阿联酋,阿联酋,13,0
2020-02-24,UNITED KINGDOM,LONDON,英国,英国,9,0
2020-02-24,UNITED STATES,WASHINGTON,美国,美国,35,0
2020-02-24,VIETNAM,HA NOI,越南,越南,16,0
2020-02-24,Singapore,,新加坡,新加坡,89,0
2020-02-24,,,其他,其他,695,61
2020-02-25,AFGHANISTAN,KABUL,阿富汗,阿富汗,1,1
2020-02-25,AUSTRALIA,CANBERRA,澳大利亚,澳大利亚,22,0
2020-02-25,BELGIUM,BRUSSELS,比利时,比利时,1,0
2020-02-25,CAMBODIA,PHNOM PENH,柬埔寨,柬埔寨,1,0
2020-02-25,CANADA,OTTAWA,加拿大,加拿大,10,1
2020-02-25,CHINA,BEIJING,中国,中国,78190,411
2020-02-25,EGYPT,CAIRO,埃及,埃及,1,0
2020-02-25,FINLAND,HELSINKI,芬兰,芬兰,1,0
2020-02-25,FRANCE,PARIS,法国,法国,12,0
2020-02-25,GERMANY,BERLIN,德国,德国,16,0
2020-02-25,INDIA,NEW DELHI,印度,印度,3,0
2020-02-25,IRAN,TEHRAN,伊朗,伊朗,61,18
2020-02-25,IRAQ,BAGHDAD,伊拉克,伊拉克,1,1
2020-02-25,ISRAEL,JERUSALEM,以色列,以色列,2,1
2020-02-25,ITALY,ROME,意大利,意大利,229,105
2020-02-25,JAPAN,TOKYO,日本,日本,157,13
2020-02-25,"KOREA, REPUBLIC OF",SEOUL,韩国,韩国,977,214
2020-02-25,KUWAIT,KUWAIT,科威特,科威特,8,5
2020-02-25,LEBANON,BEYROUTH,黎巴嫩,黎巴嫩,1,0
2020-02-25,MALAYSIA,KUALA LUMPUR,马来西亚,马来西亚,22,0
2020-02-25,NEPAL,KATHMANDU,尼泊尔,尼泊尔,1,0
2020-02-25,OMAN,MUSCAT,阿曼,阿曼,2,2
2020-02-25,PHILIPPINES,MANILA,菲律宾,菲律宾,3,0
2020-02-25,RUSSIAN FEDERATION,MOSCOW,俄罗斯,俄罗斯,2,0
2020-02-25,SPAIN,MADRID,西班牙,西班牙,2,0
2020-02-25,SRI LANKA,COLOMBO,斯里兰卡,斯里兰卡,1,0
2020-02-25,SWEDEN,STOCKHOLM,瑞典,瑞典,1,0
2020-02-25,THAILAND,BANGKOK,泰国,泰国,37,2
2020-02-25,UNITED ARAB EMIRATES,ABU DHABI,阿联酋,阿联酋,13,0
2020-02-25,UNITED KINGDOM,LONDON,英国,英国,13,0
2020-02-25,UNITED STATES,WASHINGTON,美国,美国,53,18
2020-02-25,VIETNAM,HA NOI,越南,越南,16,0
2020-02-25,Singapore,,新加坡,新加坡,90,1
2020-02-25,,,其他,其他,691,0
2020-02-26,AFGHANISTAN,KABUL,阿富汗,阿富汗,1,0
2020-02-26,ALGERIA,ALGIERS,阿尔及利亚,阿尔及利亚,1,1
2020-02-26,AUSTRALIA,CANBERRA,澳大利亚,澳大利亚,23,1
2020-02-26,AUSTRIA,VIENNA,奥地利,奥地利,2,2
2020-02-26,BELGIUM,BRUSSELS,比利时,比利时,1,0
2020-02-26,CAMBODIA,PHNOM PENH,柬埔寨,柬埔寨,1,0
2020-02-26,CANADA,OTTAWA,加拿大,加拿大,10,0
2020-02-26,CHINA,BEIJING,中国,中国,78630,440
2020-02-26,CROATIA,ZAGREB,克罗地亚,克罗地亚,2,2
2020-02-26,EGYPT,CAIRO,埃及,埃及,1,0
2020-02-26,FINLAND,HELSINKI,芬兰,芬兰,1,0
2020-02-26,FRANCE,PARIS,法国,法国,12,0
2020-02-26,GERMANY,BERLIN,德国,德国,18,2
2020-02-26,INDIA,NEW DELHI,印度,印度,3,0
2020-02-26,IRAN,TEHRAN,伊朗,伊朗,95,34
2020-02-26,IRAQ,BAGHDAD,伊拉克,伊拉克,5,4
2020-02-26,ISRAEL,JERUSALEM,以色列,以色列,2,0
2020-02-26,ITALY,ROME,意大利,意大利,322,93
2020-02-26,JAPAN,TOKYO,日本,日本,164,7
2020-02-26,"KOREA, REPUBLIC OF",SEOUL,韩国,韩国,1261,284
2020-02-26,KUWAIT,KUWAIT,科威特,科威特,12,4
2020-02-26,LEBANON,BEYROUTH,黎巴嫩,黎巴嫩,1,0
2020-02-26,MALAYSIA,KUALA LUMPUR,马来西亚,马来西亚,22,0
2020-02-26,NEPAL,KATHMANDU,尼泊尔,尼泊尔,1,0
2020-02-26,OMAN,MUSCAT,阿曼,阿曼,4,2
2020-02-26,PHILIPPINES,MANILA,菲律宾,菲律宾,3,0
2020-02-26,RUSSIAN FEDERATION,MOSCOW,俄罗斯,俄罗斯,2,0
2020-02-26,SPAIN,MADRID,西班牙,西班牙,2,0
2020-02-26,SRI LANKA,COLOMBO,斯里兰卡,斯里兰卡,1,0
2020-02-26,SWEDEN,STOCKHOLM,瑞典,瑞典,1,0
2020-02-26,SWITZERLAND,BERN,瑞士,瑞士,1,1
2020-02-26,THAILAND,BANGKOK,泰国,泰国,40,3
2020-02-26,UNITED ARAB EMIRATES,ABU DHABI,阿联酋,阿联酋,13,0
2020-02-26,UNITED KINGDOM,LONDON,英国,英国,13,0
2020-02-26,UNITED STATES,WASHINGTON,美国,美国,53,0
2020-02-26,VIETNAM,HA NOI,越南,越南,16,0
2020-02-26,Singapore,,新加坡,新加坡,91,1
2020-02-26,,,其他,其他,691,0
2020-02-27,AFGHANISTAN,KABUL,阿富汗,阿富汗,1,0
2020-02-27,ALGERIA,ALGIERS,阿尔及利亚,阿尔及利亚,1,0
2020-02-27,AUSTRALIA,CANBERRA,澳大利亚,澳大利亚,23,0
2020-02-27,AUSTRIA,VIENNA,奥地利,奥地利,2,0
2020-02-27,BELGIUM,BRUSSELS,比利时,比利时,1,0
2020-02-27,BRAZIL,BRASILIA,巴西,巴西,1,1
2020-02-27,CAMBODIA,PHNOM PENH,柬埔寨,柬埔寨,1,0
2020-02-27,CANADA,OTTAWA,加拿大,加拿大,11,1
2020-02-27,CHINA,BEIJING,中国,中国,78959,329
2020-02-27,CROATIA,ZAGREB,克罗地亚,克罗地亚,3,1
2020-02-27,DENMARK,COPENHAGEN,丹麦,丹麦,1,1
2020-02-27,EGYPT,CAIRO,埃及,埃及,1,0
2020-02-27,ESTONIA,TALLINN,爱沙尼亚,爱沙尼亚,1,1
2020-02-27,FINLAND,HELSINKI,芬兰,芬兰,2,1
2020-02-27,FRANCE,PARIS,法国,法国,18,6
2020-02-27,GEORGIA,TBILISI,格鲁吉亚,格鲁吉亚,1,1
2020-02-27,GERMANY,BERLIN,德国,德国,21,3
2020-02-27,GREECE,ATHENS,希腊,希腊,1,1
2020-02-27,INDIA,NEW DELHI,印度,印度,3,0
2020-02-27,IRAN,TEHRAN,伊朗,伊朗,141,46
2020-02-27,IRAQ,BAGHDAD,伊拉克,伊拉克,6,1
2020-02-27,ISRAEL,JERUSALEM,以色列,以色列,2,0
2020-02-27,ITALY,ROME,意大利,意大利,400,78
2020-02-27,JAPAN,TOKYO,日本,日本,186,22
2020-02-27,"KOREA, REPUBLIC OF",SEOUL,韩国,韩国,1766,505
2020-02-27,KUWAIT,KUWAIT,科威特,科威特,43,31
2020-02-27,LEBANON,BEYROUTH,黎巴嫩,黎巴嫩,2,1
2020-02-27,MALAYSIA,KUALA LUMPUR,马来西亚,马来西亚,22,0
2020-02-27,NEPAL,KATHMANDU,尼泊尔,尼泊尔,1,0
2020-02-27,NORWAY,OSLO,挪威,挪威,1,1
2020-02-27,OMAN,MUSCAT,阿曼,阿曼,4,0
2020-02-27,PAKISTAN,ISLAMABAD,巴基斯坦,巴基斯坦,2,2
2020-02-27,PHILIPPINES,MANILA,菲律宾,菲律宾,3,0
2020-02-27,ROMANIA,BUCURESTI,罗马尼亚,罗马尼亚,1,1
2020-02-27,RUSSIAN FEDERATION,MOSCOW,俄罗斯,俄罗斯,2,0
2020-02-27,SPAIN,MADRID,西班牙,西班牙,12,10
2020-02-27,SRI LANKA,COLOMBO,斯里兰卡,斯里兰卡,1,0
2020-02-27,SWEDEN,STOCKHOLM,瑞典,瑞典,2,1
2020-02-27,SWITZERLAND,BERN,瑞士,瑞士,1,0
2020-02-27,THAILAND,BANGKOK,泰国,泰国,40,0
2020-02-27,UNITED ARAB EMIRATES,ABU DHABI,阿联酋,阿联酋,13,0
2020-02-27,UNITED KINGDOM,LONDON,英国,英国,13,0
2020-02-27,UNITED STATES,WASHINGTON,美国,美国,59,6
2020-02-27,VIETNAM,HA NOI,越南,越南,16,0
2020-02-27,Singapore,,新加坡,新加坡,93,2
2020-02-27,,,其他,其他,705,14
2020-02-28,AFGHANISTAN,KABUL,阿富汗,阿富汗,1,0
2020-02-28,ALGERIA,ALGIERS,阿尔及利亚,阿尔及利亚,1,0
2020-02-28,AUSTRALIA,CANBERRA,澳大利亚,澳大利亚,23,0
2020-02-28,AUSTRIA,VIENNA,奥地利,奥地利,4,2
2020-02-28,BELARUS,MINSK,白俄罗斯,白俄罗斯,1,1
2020-02-28,BELGIUM,BRUSSELS,比利时,比利时,1,0
2020-02-28,BRAZIL,BRASILIA,巴西,巴西,1,0
2020-02-28,CAMBODIA,PHNOM PENH,柬埔寨,柬埔寨,1,0
2020-02-28,CANADA,OTTAWA,加拿大,加拿大,11,0
2020-02-28,CHINA,BEIJING,中国,中国,79389,430
2020-02-28,CROATIA,ZAGREB,克罗地亚,克罗地亚,3,0
2020-02-28,DENMARK,COPENHAGEN,丹麦,丹麦,1,0
2020-02-28,EGYPT,CAIRO,埃及,埃及,1,0
2020-02-28,ESTONIA,TALLINN,爱沙尼亚,爱沙尼亚,1,0
2020-02-28,FINLAND,HELSINKI,芬兰,芬兰,2,0
2020-02-28,FRANCE,PARIS,法国,法国,38,20
2020-02-28,GEORGIA,TBILISI,格鲁吉亚,格鲁吉亚,1,0
2020-02-28,GERMANY,BERLIN,德国,德国,26,5
2020-02-28,GREECE,ATHENS,希腊,希腊,3,2
2020-02-28,INDIA,NEW DELHI,印度,印度,3,0
2020-02-28,IRAN,TEHRAN,伊朗,伊朗,245,104
2020-02-28,IRAQ,BAGHDAD,伊拉克,伊拉克,7,1
2020-02-28,ISRAEL,JERUSALEM,以色列,以色列,3,1
2020-02-28,ITALY,ROME,意大利,意大利,650,250
2020-02-28,JAPAN,TOKYO,日本,日本,210,24
2020-02-28,"KOREA, REPUBLIC OF",SEOUL,韩国,韩国,2337,571
2020-02-28,KUWAIT,KUWAIT,科威特,科威特,43,0
2020-02-28,LEBANON,BEYROUTH,黎巴嫩,黎巴嫩,2,0
2020-02-28,LITHUANIA,VILNIUS,立陶宛,立陶宛,1,1
2020-02-28,MALAYSIA,KUALA LUMPUR,马来西亚,马来西亚,24,2
2020-02-28,NEPAL,KATHMANDU,尼泊尔,尼泊尔,1,0
2020-02-28,NETHERLANDS,AMSTERDAM,荷兰,荷兰,1,1
2020-02-28,NEW ZEALAND,AVARUA,新西兰,新西兰,1,1
2020-02-28,NIGERIA,ABUDJA,尼日利亚,尼日利亚,1,1
2020-02-28,NORWAY,OSLO,挪威,挪威,4,3
2020-02-28,OMAN,MUSCAT,阿曼,阿曼,6,2
2020-02-28,PAKISTAN,ISLAMABAD,巴基斯坦,巴基斯坦,2,0
2020-02-28,PHILIPPINES,MANILA,菲律宾,菲律宾,3,0
2020-02-28,ROMANIA,BUCURESTI,罗马尼亚,罗马尼亚,1,0
2020-02-28,RUSSIAN FEDERATION,MOSCOW,俄罗斯,俄罗斯,2,0
2020-02-28,SPAIN,MADRID,西班牙,西班牙,25,13
2020-02-28,SRI LANKA,COLOMBO,斯里兰卡,斯里兰卡,1,0
2020-02-28,SWEDEN,STOCKHOLM,瑞典,瑞典,7,5
2020-02-28,SWITZERLAND,BERN,瑞士,瑞士,6,5
2020-02-28,THAILAND,BANGKOK,泰国,泰国,40,0
2020-02-28,UNITED ARAB EMIRATES,ABU DHABI,阿联酋,阿联酋,19,6
2020-02-28,UNITED KINGDOM,LONDON,英国,英国,16,3
2020-02-28,UNITED STATES,WASHINGTON,美国,美国,59,0
2020-02-28,VIETNAM,HA NOI,越南,越南,16,0
2020-02-28,Singapore,,新加坡,新加坡,96,3
2020-02-28,,,其他,其他,705,0
2020-02-29,AFGHANISTAN,KABUL,阿富汗,阿富汗,1,0
2020-02-29,ALGERIA,ALGIERS,阿尔及利亚,阿尔及利亚,1,0
2020-02-29,AUSTRALIA,CANBERRA,澳大利亚,澳大利亚,24,1
2020-02-29,AUSTRIA,VIENNA,奥地利,奥地利,5,1
2020-02-29,BELARUS,MINSK,白俄罗斯,白俄罗斯,1,0
2020-02-29,BELGIUM,BRUSSELS,比利时,比利时,1,0
2020-02-29,BRAZIL,BRASILIA,巴西,巴西,1,0
2020-02-29,CAMBODIA,PHNOM PENH,柬埔寨,柬埔寨,1,0
2020-02-29,CANADA,OTTAWA,加拿大,加拿大,14,3
2020-02-29,CHINA,BEIJING,中国,中国,79968,579
2020-02-29,CROATIA,ZAGREB,克罗地亚,克罗地亚,5,2
2020-02-29,DENMARK,COPENHAGEN,丹麦,丹麦,2,1
2020-02-29,EGYPT,CAIRO,埃及,埃及,1,0
2020-02-29,ESTONIA,TALLINN,爱沙尼亚,爱沙尼亚,1,0
2020-02-29,FINLAND,HELSINKI,芬兰,芬兰,2,0
2020-02-29,FRANCE,PARIS,法国,法国,57,19
2020-02-29,GEORGIA,TBILISI,格鲁吉亚,格鲁吉亚,2,1
2020-02-29,GERMANY,BERLIN,德国,德国,57,31
2020-02-29,GREECE,ATHENS,希腊,希腊,3,0
2020-02-29,INDIA,NEW DELHI,印度,印度,3,0
2020-02-29,IRAN,TEHRAN,伊朗,伊朗,388,143
2020-02-29,IRAQ,BAGHDAD,伊拉克,伊拉克,8,1
2020-02-29,ISRAEL,JERUSALEM,以色列,以色列,5,2
2020-02-29,ITALY,ROME,意大利,意大利,888,238
2020-02-29,JAPAN,TOKYO,日本,日本,230,20
2020-02-29,"KOREA, REPUBLIC OF",SEOUL,韩国,韩国,3150,813
2020-02-29,KUWAIT,KUWAIT,科威特,科威特,45,2
2020-02-29,LEBANON,BEYROUTH,黎巴嫩,黎巴嫩,2,0
2020-02-29,LITHUANIA,VILNIUS,立陶宛,立陶宛,1,0
2020-02-29,MALAYSIA,KUALA LUMPUR,马来西亚,马来西亚,24,0
2020-02-29,MEXICO,MEXICO CITY,墨西哥,墨西哥,2,2
2020-02-29,NEPAL,KATHMANDU,尼泊尔,尼泊尔,1,0
2020-02-29,NETHERLANDS,AMSTERDAM,荷兰,荷兰,2,1
2020-02-29,NEW ZEALAND,AVARUA,新西兰,新西兰,1,0
2020-02-29,NIGERIA,ABUDJA,尼日利亚,尼日利亚,1,0
2020-02-29,NORWAY,OSLO,挪威,挪威,6,2
2020-02-29,OMAN,MUSCAT,阿曼,阿曼,6,0
2020-02-29,PAKISTAN,ISLAMABAD,巴基斯坦,巴基斯坦,2,0
2020-02-29,PHILIPPINES,MANILA,菲律宾,菲律宾,3,0
2020-02-29,ROMANIA,BUCURESTI,罗马尼亚,罗马尼亚,3,2
2020-02-29,RUSSIAN FEDERATION,MOSCOW,俄罗斯,俄罗斯,2,0
2020-02-29,SPAIN,MADRID,西班牙,西班牙,32,7
2020-02-29,SRI LANKA,COLOMBO,斯里兰卡,斯里兰卡,1,0
2020-02-29,SWEDEN,STOCKHOLM,瑞典,瑞典,12,5
2020-02-29,SWITZERLAND,BERN,瑞士,瑞士,10,4
2020-02-29,THAILAND,BANGKOK,泰国,泰国,42,2
2020-02-29,UNITED ARAB EMIRATES,ABU DHABI,阿联酋,阿联酋,19,0
2020-02-29,UNITED KINGDOM,LONDON,英国,英国,20,4
2020-02-29,UNITED STATES,WASHINGTON,美国,美国,62,3
2020-02-29,VIETNAM,HA NOI,越南,越南,16,0
2020-02-29,Singapore,,新加坡,新加坡,98,2
2020-02-29,,,其他,其他,705,0
2020-03-01,AFGHANISTAN,KABUL,阿富汗,阿富汗,1,0
2020-03-01,ALGERIA,ALGIERS,阿尔及利亚,阿尔及利亚,1,0
2020-03-01,AUSTRALIA,CANBERRA,澳大利亚,澳大利亚,25,1
2020-03-01,AUSTRIA,VIENNA,奥地利,奥地利,10,5
2020-03-01,AZERBAIJAN,BAKU,阿塞拜疆,阿塞拜疆,3,3
2020-03-01,BELARUS,MINSK,白俄罗斯,白俄罗斯,1,0
2020-03-01,BELGIUM,BRUSSELS,比利时,比利时,1,0
2020-03-01,BRAZIL,BRASILIA,巴西,巴西,2,1
2020-03-01,CAMBODIA,PHNOM PENH,柬埔寨,柬埔寨,1,0
2020-03-01,CANADA,OTTAWA,加拿大,加拿大,19,5
2020-03-01,CHINA,BEIJING,中国,中国,80174,206
2020-03-01,CROATIA,ZAGREB,克罗地亚,克罗地亚,7,2
2020-03-01,DENMARK,COPENHAGEN,丹麦,丹麦,3,1
2020-03-01,ECUADOR,QUITO,厄瓜多尔,厄瓜多尔,1,1
2020-03-01,EGYPT,CAIRO,埃及,埃及,1,0
2020-03-01,ESTONIA,TALLINN,爱沙尼亚,爱沙尼亚,1,0
2020-03-01,FINLAND,HELSINKI,芬兰,芬兰,2,0
2020-03-01,FRANCE,PARIS,法国,法国,100,43
2020-03-01,GEORGIA,TBILISI,格鲁吉亚,格鲁吉亚,3,1
2020-03-01,GERMANY,BERLIN,德国,德国,57,0
2020-03-01,GREECE,ATHENS,希腊,希腊,3,0
2020-03-01,INDIA,NEW DELHI,印度,印度,3,0
2020-03-01,IRAN,TEHRAN,伊朗,伊朗,593,205
2020-03-01,IRAQ,BAGHDAD,伊拉克,伊拉克,13,5
2020-03-01,IRELAND,DUBLIN,爱尔兰,爱尔兰,1,1
2020-03-01,ISRAEL,JERUSALEM,以色列,以色列,7,2
2020-03-01,ITALY,ROME,意大利,意大利,1128,240
2020-03-01,JAPAN,TOKYO,日本,日本,239,9
2020-03-01,"KOREA, REPUBLIC OF",SEOUL,韩国,韩国,3736,586
2020-03-01,KUWAIT,KUWAIT,科威特,科威特,45,0
2020-03-01,LEBANON,BEYROUTH,黎巴嫩,黎巴嫩,2,0
2020-03-01,LITHUANIA,VILNIUS,立陶宛,立陶宛,1,0
2020-03-01,MALAYSIA,KUALA LUMPUR,马来西亚,马来西亚,24,0
2020-03-01,MEXICO,MEXICO CITY,墨西哥,墨西哥,2,0
2020-03-01,NEPAL,KATHMANDU,尼泊尔,尼泊尔,1,0
2020-03-01,NETHERLANDS,AMSTERDAM,荷兰,荷兰,7,5
2020-03-01,NEW ZEALAND,AVARUA,新西兰,新西兰,1,0
2020-03-01,NIGERIA,ABUDJA,尼日利亚,尼日利亚,1,0
2020-03-01,NORWAY,OSLO,挪威,挪威,15,9
2020-03-01,OMAN,MUSCAT,阿曼,阿曼,6,0
2020-03-01,PAKISTAN,ISLAMABAD,巴基斯坦,巴基斯坦,4,2
2020-03-01,PHILIPPINES,MANILA,菲律宾,菲律宾,3,0
2020-03-01,QATAR,DOHA,卡塔尔,卡塔尔,1,1
2020-03-01,ROMANIA,BUCURESTI,罗马尼亚,罗马尼亚,3,0
2020-03-01,RUSSIAN FEDERATION,MOSCOW,俄罗斯,俄罗斯,2,0
2020-03-01,SPAIN,MADRID,西班牙,西班牙,45,13
2020-03-01,SRI LANKA,COLOMBO,斯里兰卡,斯里兰卡,1,0
2020-03-01,SWEDEN,STOCKHOLM,瑞典,瑞典,13,1
2020-03-01,SWITZERLAND,BERN,瑞士,瑞士,18,8
2020-03-01,THAILAND,BANGKOK,泰国,泰国,42,0
2020-03-01,UNITED ARAB EMIRATES,ABU DHABI,阿联酋,阿联酋,19,0
2020-03-01,UNITED KINGDOM,LONDON,英国,英国,23,3
2020-03-01,UNITED STATES,WASHINGTON,美国,美国,62,0
2020-03-01,VIETNAM,HA NOI,越南,越南,16,0
2020-03-01,Singapore,,新加坡,新加坡,102,4
2020-03-01,,,其他,其他,705,0
2020-03-02,AFGHANISTAN,KABUL,阿富汗,阿富汗,1,0
2020-03-02,ALGERIA,ALGIERS,阿尔及利亚,阿尔及利亚,1,0
2020-03-02,ARMENIA,YEREVAN,亚美尼亚,亚美尼亚,1,1
2020-03-02,AUSTRALIA,CANBERRA,澳大利亚,澳大利亚,27,2
2020-03-02,AUSTRIA,VIENNA,奥地利,奥地利,10,0
2020-03-02,AZERBAIJAN,BAKU,阿塞拜疆,阿塞拜疆,3,0
2020-03-02,BELARUS,MINSK,白俄罗斯,白俄罗斯,1,0
2020-03-02,BELGIUM,BRUSSELS,比利时,比利时,1,0
2020-03-02,BRAZIL,BRASILIA,巴西,巴西,2,0
2020-03-02,CAMBODIA,PHNOM PENH,柬埔寨,柬埔寨,1,0
2020-03-02,CANADA,OTTAWA,加拿大,加拿大,19,0
2020-03-02,CHINA,BEIJING,中国,中国,80302,128
2020-03-02,CROATIA,ZAGREB,克罗地亚,克罗地亚,7,0
2020-03-02,DENMARK,COPENHAGEN,丹麦,丹麦,4,1
2020-03-02,ECUADOR,QUITO,厄瓜多尔,厄瓜多尔,1,0
2020-03-02,EGYPT,CAIRO,埃及,埃及,2,1
2020-03-02,ESTONIA,TALLINN,爱沙尼亚,爱沙尼亚,1,0
2020-03-02,FINLAND,HELSINKI,芬兰,芬兰,6,4
2020-03-02,FRANCE,PARIS,法国,法国,100,0
2020-03-02,GEORGIA,TBILISI,格鲁吉亚,格鲁吉亚,3,0
2020-03-02,GERMANY,BERLIN,德国,德国,129,72
2020-03-02,GREECE,ATHENS,希腊,希腊,7,4
2020-03-02,ICELAND,REYKJAVIK,冰岛,冰岛,2,2
2020-03-02,INDIA,NEW DELHI,印度,印度,3,0
2020-03-02,IRAN,TEHRAN,伊朗,伊朗,978,385
2020-03-02,IRAQ,BAGHDAD,伊拉克,伊拉克,19,6
2020-03-02,IRELAND,DUBLIN,爱尔兰,爱尔兰,1,0
2020-03-02,ISRAEL,JERUSALEM,以色列,以色列,7,0
2020-03-02,ITALY,ROME,意大利,意大利,1689,561
2020-03-02,JAPAN,TOKYO,日本,日本,254,15
2020-03-02,"KOREA, REPUBLIC OF",SEOUL,韩国,韩国,4212,476
2020-03-02,KUWAIT,KUWAIT,科威特,科威特,56,11
2020-03-02,LEBANON,BEYROUTH,黎巴嫩,黎巴嫩,10,1
2020-03-02,LITHUANIA,VILNIUS,立陶宛,立陶宛,1,0
2020-03-02,MALAYSIA,KUALA LUMPUR,马来西亚,马来西亚,24,0
2020-03-02,MEXICO,MEXICO CITY,墨西哥,墨西哥,5,3
2020-03-02,NEPAL,KATHMANDU,尼泊尔,尼泊尔,1,0
2020-03-02,NETHERLANDS,AMSTERDAM,荷兰,荷兰,13,6
2020-03-02,NEW ZEALAND,AVARUA,新西兰,新西兰,1,0
2020-03-02,NIGERIA,ABUDJA,尼日利亚,尼日利亚,1,0
2020-03-02,NORWAY,OSLO,挪威,挪威,19,4
2020-03-02,OMAN,MUSCAT,阿曼,阿曼,6,0
2020-03-02,PAKISTAN,ISLAMABAD,巴基斯坦,巴基斯坦,4,0
2020-03-02,PHILIPPINES,MANILA,菲律宾,菲律宾,3,0
2020-03-02,QATAR,DOHA,卡塔尔,卡塔尔,3,2
2020-03-02,ROMANIA,BUCURESTI,罗马尼亚,罗马尼亚,3,0
2020-03-02,RUSSIAN FEDERATION,MOSCOW,俄罗斯,俄罗斯,2,0
2020-03-02,SPAIN,MADRID,西班牙,西班牙,45,0
2020-03-02,SRI LANKA,COLOMBO,斯里兰卡,斯里兰卡,1,0
2020-03-02,SWEDEN,STOCKHOLM,瑞典,瑞典,14,1
2020-03-02,SWITZERLAND,BERN,瑞士,瑞士,24,6
2020-03-02,THAILAND,BANGKOK,泰国,泰国,42,0
2020-03-02,UNITED ARAB EMIRATES,ABU DHABI,阿联酋,阿联酋,21,2
2020-03-02,UNITED KINGDOM,LONDON,英国,英国,36,13
2020-03-02,UNITED STATES,WASHINGTON,美国,美国,62,0
2020-03-02,VIETNAM,HA NOI,越南,越南,16,0
2020-03-02,Singapore,,新加坡,新加坡,106,4
2020-03-02,,,其他,其他,706,1
2020-03-03,AFGHANISTAN,KABUL,阿富汗,阿富汗,1,0
2020-03-03,ALGERIA,ALGIERS,阿尔及利亚,阿尔及利亚,5,4
2020-03-03,ARMENIA,YEREVAN,亚美尼亚,亚美尼亚,1,0
2020-03-03,AUSTRALIA,CANBERRA,澳大利亚,澳大利亚,33,6
2020-03-03,AUSTRIA,VIENNA,奥地利,奥地利,18,8
2020-03-03,AZERBAIJAN,BAKU,阿塞拜疆,阿塞拜疆,3,0
2020-03-03,BELARUS,MINSK,白俄罗斯,白俄罗斯,1,0
2020-03-03,BELGIUM,BRUSSELS,比利时,比利时,8,7
2020-03-03,BRAZIL,BRASILIA,巴西,巴西,2,0
2020-03-03,CAMBODIA,PHNOM PENH,柬埔寨,柬埔寨,1,0
2020-03-03,CANADA,OTTAWA,加拿大,加拿大,27,8
2020-03-03,CHINA,BEIJING,中国,中国,80422,120
2020-03-03,CROATIA,ZAGREB,克罗地亚,克罗地亚,9,2
2020-03-03,CZECH REPUBLIC,PRAGUE,捷克,捷克,3,0
2020-03-03,DENMARK,COPENHAGEN,丹麦,丹麦,5,1
2020-03-03,DOMINICAN REPUBLIC,SANTO-DOMINGO,多米尼加,多米尼加,1,0
2020-03-03,ECUADOR,QUITO,厄瓜多尔,厄瓜多尔,6,5
2020-03-03,EGYPT,CAIRO,埃及,埃及,2,0
2020-03-03,ESTONIA,TALLINN,爱沙尼亚,爱沙尼亚,1,0
2020-03-03,FINLAND,HELSINKI,芬兰,芬兰,7,1
2020-03-03,FRANCE,PARIS,法国,法国,191,91
2020-03-03,GEORGIA,TBILISI,格鲁吉亚,格鲁吉亚,3,0
2020-03-03,GERMANY,BERLIN,德国,德国,157,28
2020-03-03,GREECE,ATHENS,希腊,希腊,7,0
2020-03-03,ICELAND,REYKJAVIK,冰岛,冰岛,9,7
2020-03-03,INDIA,NEW DELHI,印度,印度,5,2
2020-03-03,INDONESIA,JAKARTA,印度尼西亚,印度尼西亚,2,0
2020-03-03,IRAN,TEHRAN,伊朗,伊朗,1501,523
2020-03-03,IRAQ,BAGHDAD,伊拉克,伊拉克,26,7
2020-03-03,IRELAND,DUBLIN,爱尔兰,爱尔兰,1,0
2020-03-03,ISRAEL,JERUSALEM,以色列,以色列,10,3
2020-03-03,ITALY,ROME,意大利,意大利,2036,347
2020-03-03,JAPAN,TOKYO,日本,日本,268,14
2020-03-03,JORDAN,AMMAN,约旦,约旦,1,1
2020-03-03,"KOREA, REPUBLIC OF",SEOUL,韩国,韩国,4812,600
2020-03-03,KUWAIT,KUWAIT,科威特,科威特,56,0
2020-03-03,LATVIA,RIGA,拉脱维亚,拉脱维亚,1,1
2020-03-03,LEBANON,BEYROUTH,黎巴嫩,黎巴嫩,13,3
2020-03-03,LITHUANIA,VILNIUS,立陶宛,立陶宛,1,0
2020-03-03,"MACEDONIA, THE FORMER YUGOSLAV REPUBLIC",SKOPJE,北马其顿,北马其顿,1,0
2020-03-03,MALAYSIA,KUALA LUMPUR,马来西亚,马来西亚,29,5
2020-03-03,MEXICO,MEXICO CITY,墨西哥,墨西哥,5,0
2020-03-03,MOROCCO,RABAT,摩洛哥,摩洛哥,1,1
2020-03-03,NEPAL,KATHMANDU,尼泊尔,尼泊尔,1,0
2020-03-03,NETHERLANDS,AMSTERDAM,荷兰,荷兰,18,5
2020-03-03,NEW ZEALAND,AVARUA,新西兰,新西兰,2,1
2020-03-03,NIGERIA,ABUDJA,尼日利亚,尼日利亚,1,0
2020-03-03,NORWAY,OSLO,挪威,挪威,25,6
2020-03-03,OMAN,MUSCAT,阿曼,阿曼,6,0
2020-03-03,PAKISTAN,ISLAMABAD,巴基斯坦,巴基斯坦,5,1
2020-03-03,PHILIPPINES,MANILA,菲律宾,菲律宾,3,0
2020-03-03,PORTUGAL,LISBON,葡萄牙,葡萄牙,2,2
2020-03-03,QATAR,DOHA,卡塔尔,卡塔尔,7,4
2020-03-03,ROMANIA,BUCURESTI,罗马尼亚,罗马尼亚,3,0
2020-03-03,RUSSIAN FEDERATION,MOSCOW,俄罗斯,俄罗斯,3,1
2020-03-03,SAUDI ARABIA,RIYADH,沙特阿拉伯,沙特阿拉伯,1,1
2020-03-03,SENEGAL,DAKAR,塞内加尔,塞内加尔,1,1
2020-03-03,SPAIN,MADRID,西班牙,西班牙,114,69
2020-03-03,SRI LANKA,COLOMBO,斯里兰卡,斯里兰卡,1,0
2020-03-03,SWEDEN,STOCKHOLM,瑞典,瑞典,15,1
2020-03-03,SWITZERLAND,BERN,瑞士,瑞士,30,6
2020-03-03,THAILAND,BANGKOK,泰国,泰国,43,1
2020-03-03,TUNISIA,TUNIS,突尼斯,突尼斯,1,1
2020-03-03,UNITED ARAB EMIRATES,ABU DHABI,阿联酋,阿联酋,21,0
2020-03-03,UNITED KINGDOM,LONDON,英国,英国,39,3
2020-03-03,UNITED STATES,WASHINGTON,美国,美国,64,2
2020-03-03,VIETNAM,HA NOI,越南,越南,16,0
2020-03-03,Singapore,,新加坡,新加坡,108,2
2020-03-03,,,其他,其他,706,0
2020-03-03,,,卢森堡,卢森堡,1,0
2020-03-03,,,圣马力诺,圣马力诺,8,7
2020-03-03,SPAIN,MADRID,摩纳哥,摩纳哥,1,0
2020-03-03,,,巴林,巴林,49,2
2020-03-03,,,安道尔,安道尔,1,1
2020-03-04,,,阿尔及利亚,阿尔及利亚,5,0
2020-03-04,,,阿富汗,阿富汗,1,0
2020-03-04,,,阿根廷,阿根廷,1,1
2020-03-04,,,阿联酋,阿联酋,27,6
2020-03-04,,,阿曼,阿曼,12,6
2020-03-04,,,阿塞拜疆,阿塞拜疆,3,0
2020-03-04,,,埃及,埃及,2,0
2020-03-04,,,爱尔兰,爱尔兰,2,1
2020-03-04,,,爱沙尼亚,爱沙尼亚,2,1
2020-03-04,,,安道尔,安道尔,1,0
2020-03-04,,,奥地利,奥地利,24,6
2020-03-04,,,澳大利亚,澳大利亚,43,10
2020-03-04,,,巴基斯坦,巴基斯坦,5,0
2020-03-04,,,巴林,巴林,49,0
2020-03-04,,,巴西,巴西,2,0
2020-03-04,,,白俄罗斯,白俄罗斯,1,0
2020-03-04,,,比利时,比利时,8,0
2020-03-04,,,冰岛,冰岛,16,7
2020-03-04,,,波兰,波兰,1,1
2020-03-04,,,丹麦,丹麦,8,3
2020-03-04,,,德国,德国,196,39
2020-03-04,,,多米尼加,多米尼加,1,0
2020-03-04,,,俄罗斯,俄罗斯,3,0
2020-03-04,,,厄瓜多尔,厄瓜多尔,7,1
2020-03-04,,,法国,法国,212,21
2020-03-04,,,菲律宾,菲律宾,3,0
2020-03-04,,,芬兰,芬兰,7,0
2020-03-04,,,格鲁吉亚,格鲁吉亚,3,0
2020-03-04,,,韩国,韩国,5328,516
2020-03-04,,,荷兰,荷兰,28,10
2020-03-04,,,加拿大,加拿大,30,3
2020-03-04,,,柬埔寨,柬埔寨,1,0
2020-03-04,,,捷克,捷克,5,2
2020-03-04,,,卡塔尔,卡塔尔,8,1
2020-03-04,,,科威特,科威特,56,0
2020-03-04,,,克罗地亚,克罗地亚,9,1
2020-03-04,,,拉脱维亚,拉脱维亚,1,0
2020-03-04,,,黎巴嫩,黎巴嫩,13,0
2020-03-04,,,立陶宛,立陶宛,1,0
2020-03-04,,,卢森堡,卢森堡,1,0
2020-03-04,,,罗马尼亚,罗马尼亚,4,1
2020-03-04,,,马来西亚,马来西亚,50,21
2020-03-04,,,北马其顿,北马其顿,1,0
2020-03-04,,,美国,美国,108,44
2020-03-04,,,摩洛哥,摩洛哥,1,0
2020-03-04,,,摩纳哥,摩纳哥,1,0
2020-03-04,,,墨西哥,墨西哥,5,0
2020-03-04,,,尼泊尔,尼泊尔,1,0
2020-03-04,,,尼日利亚,尼日利亚,1,0
2020-03-04,,,挪威,挪威,32,7
2020-03-04,,,葡萄牙,葡萄牙,2,0
2020-03-04,,,日本,日本,284,16
2020-03-04,,,瑞典,瑞典,24,9
2020-03-04,,,瑞士,瑞士,37,7
2020-03-04,,,塞内加尔,塞内加尔,1,0
2020-03-04,,,沙特阿拉伯,沙特阿拉伯,1,0
2020-03-04,,,圣马力诺,圣马力诺,8,0
2020-03-04,,,斯里兰卡,斯里兰卡,1,0
2020-03-04,,,泰国,泰国,43,0
2020-03-04,,,突尼斯,突尼斯,1,0
2020-03-04,,,乌克兰,乌克兰,1,1
2020-03-04,,,西班牙,西班牙,151,37
2020-03-04,,,希腊,希腊,7,0
2020-03-04,,,新加坡,新加坡,110,2
2020-03-04,,,新西兰,新西兰,2,0
2020-03-04,,,亚美尼亚,亚美尼亚,1,0
2020-03-04,,,伊拉克,伊拉克,31,5
2020-03-04,,,伊朗,伊朗,2336,835
2020-03-04,,,以色列,以色列,12,2
2020-03-04,,,意大利,意大利,2502,466
2020-03-04,,,印度,印度,6,1
2020-03-04,,,印度尼西亚,印度尼西亚,2,0
2020-03-04,,,英国,英国,51,12
2020-03-04,,,约旦,约旦,1,0
2020-03-04,,,越南,越南,16,0
2020-03-04,,,智利,智利,1,1
2020-03-04,,,中国,中国,80565,143
2020-03-04,,,其他,其他,706,0
2020-03-05,,,阿尔及利亚,阿尔及利亚,12,7
2020-03-05,,,阿富汗,阿富汗,1,0
2020-03-05,,,阿根廷,阿根廷,1,0
2020-03-05,,,阿联酋,阿联酋,27,0
2020-03-05,,,阿曼,阿曼,15,3
2020-03-05,,,阿塞拜疆,阿塞拜疆,3,0
2020-03-05,,,埃及,埃及,2,0
2020-03-05,,,爱尔兰,爱尔兰,2,0
2020-03-05,,,爱沙尼亚,爱沙尼亚,2,0
2020-03-05,,,安道尔,安道尔,1,0
2020-03-05,,,奥地利,奥地利,37,13
2020-03-05,,,澳大利亚,澳大利亚,66,23
2020-03-05,,,巴基斯坦,巴基斯坦,5,0
2020-03-05,,,巴林,巴林,49,0
2020-03-05,,,巴西,巴西,3,1
2020-03-05,,,白俄罗斯,白俄罗斯,6,5
2020-03-05,,,比利时,比利时,23,15
2020-03-05,,,冰岛,冰岛,26,10
2020-03-05,,,波兰,波兰,1,0
2020-03-05,,,丹麦,丹麦,10,2
2020-03-05,,,德国,德国,262,66
2020-03-05,,,多米尼加,多米尼加,1,0
2020-03-05,,,俄罗斯,俄罗斯,3,0
2020-03-05,,,厄瓜多尔,厄瓜多尔,7,0
2020-03-05,,,法国,法国,282,73
2020-03-05,,,菲律宾,菲律宾,3,0
2020-03-05,,,芬兰,芬兰,7,0
2020-03-05,,,格鲁吉亚,格鲁吉亚,3,0
2020-03-05,,,韩国,韩国,5766,438
2020-03-05,,,荷兰,荷兰,38,10
2020-03-05,,,加拿大,加拿大,30,0
2020-03-05,,,柬埔寨,柬埔寨,1,0
2020-03-05,,,捷克,捷克,5,0
2020-03-05,,,卡塔尔,卡塔尔,8,0
2020-03-05,,,科威特,科威特,58,2
2020-03-05,,,克罗地亚,克罗地亚,9,0
2020-03-05,,,拉脱维亚,拉脱维亚,1,0
2020-03-05,,,黎巴嫩,黎巴嫩,13,0
2020-03-05,,,立陶宛,立陶宛,1,0
2020-03-05,,,列支敦士登,列支敦士登,1,0
2020-03-05,,,卢森堡,卢森堡,1,0
2020-03-05,,,罗马尼亚,罗马尼亚,4,0
2020-03-05,,,马来西亚,马来西亚,50,0
2020-03-05,,,北马其顿,北马其顿,1,0
2020-03-05,,,美国,美国,129,21
2020-03-05,,,摩洛哥,摩洛哥,2,1
2020-03-05,,,摩纳哥,摩纳哥,1,0
2020-03-05,,,墨西哥,墨西哥,5,0
2020-03-05,,,尼泊尔,尼泊尔,1,0
2020-03-05,,,尼日利亚,尼日利亚,1,0
2020-03-05,,,挪威,挪威,56,23
2020-03-05,,,葡萄牙,葡萄牙,7,5
2020-03-05,,,日本,日本,317,33
2020-03-05,,,瑞典,瑞典,35,11
2020-03-05,,,瑞士,瑞士,56,20
2020-03-05,,,塞内加尔,塞内加尔,4,3
2020-03-05,,,沙特阿拉伯,沙特阿拉伯,2,1
2020-03-05,,,圣马力诺,圣马力诺,16,8
2020-03-05,,,斯里兰卡,斯里兰卡,1,0
2020-03-05,,,斯洛文尼亚,斯洛文尼亚,1,1
2020-03-05,,,泰国,泰国,47,4
2020-03-05,,,突尼斯,突尼斯,1,0
2020-03-05,,,乌克兰,乌克兰,1,0
2020-03-05,,,西班牙,西班牙,198,47
2020-03-05,,,希腊,希腊,9,2
2020-03-05,,,新加坡,新加坡,110,0
2020-03-05,,,新西兰,新西兰,2,0
2020-03-05,,,匈牙利,匈牙利,2,2
2020-03-05,,,亚美尼亚,亚美尼亚,1,0
2020-03-05,,,伊拉克,伊拉克,36,5
2020-03-05,,,伊朗,伊朗,2922,586
2020-03-05,,,以色列,以色列,15,3
2020-03-05,,,意大利,意大利,3089,587
2020-03-05,,,印度,印度,29,23
2020-03-05,,,印度尼西亚,印度尼西亚,2,0
2020-03-05,,,英国,英国,89,38
2020-03-05,,,约旦,约旦,1,0
2020-03-05,,,越南,越南,16,0
2020-03-05,,,智利,智利,1,0
2020-03-05,,,中国,中国,80710,145
2020-03-05,,,其他,其他,706,0
2020-03-05,,,被占巴勒斯坦领土,被占巴勒斯坦领土,4,4
2020-03-05,,,波黑,波黑,2,2
2020-03-05,,,圣马丁,圣马丁,2,0
2020-03-05,,,直布罗陀,直布罗陀,1,0
2020-03-05,,,圣巴托洛缪岛,圣巴托洛缪岛,1,0
2020-03-06,,,阿尔及利亚,阿尔及利亚,12,0
2020-03-06,,,阿富汗,阿富汗,1,0
2020-03-06,,,阿根廷,阿根廷,1,0
2020-03-06,,,阿联酋,阿联酋,27,0
2020-03-06,,,阿曼,阿曼,16,1
2020-03-06,,,阿塞拜疆,阿塞拜疆,3,0
2020-03-06,,,埃及,埃及,3,1
2020-03-06,,,爱尔兰,爱尔兰,14,12
2020-03-06,,,爱沙尼亚,爱沙尼亚,3,1
2020-03-06,,,安道尔,安道尔,1,0
2020-03-06,,,奥地利,奥地利,47,10
2020-03-06,,,澳大利亚,澳大利亚,57,0
2020-03-06,,,巴基斯坦,巴基斯坦,5,0
2020-03-06,,,巴林,巴林,49,0
2020-03-06,,,巴西,巴西,7,4
2020-03-06,,,白俄罗斯,白俄罗斯,6,0
2020-03-06,,,比利时,比利时,50,27
2020-03-06,,,冰岛,冰岛,26,0
2020-03-06,,,波兰,波兰,1,0
2020-03-06,,,不丹,不丹,1,1
2020-03-06,,,丹麦,丹麦,18,8
2020-03-06,,,德国,德国,534,272
2020-03-06,,,多米尼加,多米尼加,1,0
2020-03-06,,,俄罗斯,俄罗斯,4,1
2020-03-06,,,厄瓜多尔,厄瓜多尔,13,6
2020-03-06,,,法国,法国,420,138
2020-03-06,,,菲律宾,菲律宾,5,2
2020-03-06,,,芬兰,芬兰,12,5
2020-03-06,,,格鲁吉亚,格鲁吉亚,9,6
2020-03-06,,,韩国,韩国,6284,518
2020-03-06,,,荷兰,荷兰,82,44
2020-03-06,,,加拿大,加拿大,45,15
2020-03-06,,,柬埔寨,柬埔寨,1,0
2020-03-06,,,捷克,捷克,12,7
2020-03-06,,,喀麦隆,喀麦隆,1,1
2020-03-06,,,卡塔尔,卡塔尔,8,0
2020-03-06,,,科威特,科威特,58,0
2020-03-06,,,克罗地亚,克罗地亚,10,1
2020-03-06,,,拉脱维亚,拉脱维亚,1,0
2020-03-06,,,黎巴嫩,黎巴嫩,16,3
2020-03-06,,,立陶宛,立陶宛,1,0
2020-03-06,,,列支敦士登,列支敦士登,1,0
2020-03-06,,,卢森堡,卢森堡,1,0
2020-03-06,,,罗马尼亚,罗马尼亚,6,2
2020-03-06,,,马来西亚,马来西亚,55,5
2020-03-06,,,北马其顿,北马其顿,1,0
2020-03-06,,,美国,美国,148,19
2020-03-06,,,摩洛哥,摩洛哥,2,0
2020-03-06,,,摩纳哥,摩纳哥,1,0
2020-03-06,,,墨西哥,墨西哥,5,0
2020-03-06,,,南非,南非,1,1
2020-03-06,,,尼泊尔,尼泊尔,1,0
2020-03-06,,,尼日利亚,尼日利亚,1,0
2020-03-06,,,挪威,挪威,86,30
2020-03-06,,,葡萄牙,葡萄牙,9,0
2020-03-06,,,日本,日本,349,32
2020-03-06,,,瑞典,瑞典,61,26
2020-03-06,,,瑞士,瑞士,86,30
2020-03-06,,,塞尔维亚,塞尔维亚,1,1
2020-03-06,,,塞内加尔,塞内加尔,4,0
2020-03-06,,,沙特阿拉伯,沙特阿拉伯,8,6
2020-03-06,,,圣马力诺,圣马力诺,21,5
2020-03-06,,,斯里兰卡,斯里兰卡,1,0
2020-03-06,,,斯洛文尼亚,斯洛文尼亚,6,5
2020-03-06,,,泰国,泰国,47,0
2020-03-06,,,突尼斯,突尼斯,1,0
2020-03-06,,,乌克兰,乌克兰,1,0
2020-03-06,,,西班牙,西班牙,257,59
2020-03-06,,,希腊,希腊,32,23
2020-03-06,,,新加坡,新加坡,117,7
2020-03-06,,,新西兰,新西兰,4,2
2020-03-06,,,匈牙利,匈牙利,2,0
2020-03-06,,,亚美尼亚,亚美尼亚,1,0
2020-03-06,,,伊拉克,伊拉克,36,0
2020-03-06,,,伊朗,伊朗,3513,591
2020-03-06,,,以色列,以色列,15,0
2020-03-06,,,意大利,意大利,3858,769
2020-03-06,,,印度,印度,30,1
2020-03-06,,,印度尼西亚,印度尼西亚,2,0
2020-03-06,,,英国,英国,118,29
2020-03-06,,,约旦,约旦,1,0
2020-03-06,,,越南,越南,16,0
2020-03-06,,,智利,智利,1,0
2020-03-06,,,中国,中国,80813,103
2020-03-06,,,其他,其他,696,0
2020-03-06,,,被占巴勒斯坦领土,被占巴勒斯坦领土,7,0
2020-03-06,,,波黑,波黑,2,0
2020-03-06,,,圣马丁,圣马丁,2,0
2020-03-06,,,直布罗陀,直布罗陀,1,0
2020-03-06,,,圣巴托洛缪岛,圣巴托洛缪岛,1,0
